1030762,Especialista Asuntos Corporativos y Legal,https://gis.aiesec.org/v2/opportunities/1030762,open,open,GT,1,77,2019-10-09,2018-12-02,2020-05-30,BALBOA,2018-10-31,Business Administration,Cervecería Nacional/SabMiller,1,1,1200
1029824,Order Management Assistant,https://gis.aiesec.org/v2/opportunities/1029824,open,open,GT,15,30,2018-11-16,2018-11-16,2019-06-16,UTP,2018-10-30,Other,PHILIPS,1,1,1200
1027738,Finance,https://gis.aiesec.org/v2/opportunities/1027738,open,in_progress,GT,9,21,2018-10-28,2018-12-02,2019-05-02,USMA,2018-10-26,Business Administration,Panama City,1,1,1300
1026847,Finance Senior Analyst,https://gis.aiesec.org/v2/opportunities/1026847,open,open,GT,43,74,2018-11-09,2018-11-24,2020-04-28,UTP,2018-10-25,Business Administration,DELL Panama- S.A.,1,1,1200
1025963,Brand and Events Trainee,https://gis.aiesec.org/v2/opportunities/1025963,open,unmatched,GT,141,30,2018-10-30,2018-10-31,2019-05-30,UTP,2018-10-24,Marketing,Janssen,1,1,1200
1024348,Analista de Tesorería,https://gis.aiesec.org/v2/opportunities/1024348,open,open,GT,46,77,2018-11-30,2018-12-02,2020-05-28,BALBOA,2018-10-22,Business Administration,Cervecería Nacional/SabMiller,1,1,1200
1024132,Young International Specialist - YIS Program Panama,https://gis.aiesec.org/v2/opportunities/1024132,open,open,GT,37,78,2018-11-11,2019-01-01,2020-06-30,UTP,2018-10-22,Other,Deutsche Post DHL Group,1,1,1200
1024126,Young International Specialist - YIS Program Panama,https://gis.aiesec.org/v2/opportunities/1024126,open,open,GT,29,78,2018-11-11,2019-01-01,2020-06-30,UTP,2018-10-22,Other,Deutsche Post DHL Group,1,1,1200
1024118,Young International Specialist - YIS Program Panama,https://gis.aiesec.org/v2/opportunities/1024118,open,open,GT,33,78,2018-11-11,2019-01-01,2020-06-30,UTP,2018-10-22,Other,Deutsche Post DHL Group,1,1,1200
1022570,Financial Planning and Analysis Analyst,https://gis.aiesec.org/v2/opportunities/1022570,open,in_progress,GT,86,77,2018-10-30,2018-11-13,2020-05-09,UTP,2018-10-19,Business Administration,DELL Panama- S.A.,1,1,1200
1020220,C&C migration support analyst,https://gis.aiesec.org/v2/opportunities/1020220,open,approved,GT,42,21,2018-10-30,2018-12-02,2019-05-03,UTP,2018-10-17,Business Administration,PHILIPS,1,0,1600
1020217,C&C migration support analyst,https://gis.aiesec.org/v2/opportunities/1020217,open,approved,GT,17,26,2018-10-29,2018-12-14,2019-06-14,UTP,2018-10-17,Business Administration,PHILIPS,1,0,1500
1020173,Administrative Procurement,https://gis.aiesec.org/v2/opportunities/1020173,open,open,GT,83,78,2018-11-14,2018-11-27,2020-05-30,UTP,2018-10-17,Business Administration,MSD,1,1,1200
1020172,Marketing Operations Coordinator,https://gis.aiesec.org/v2/opportunities/1020172,open,realized,GT,49,51,2018-10-17,2018-10-23,2019-10-15,UTP,2018-10-17,Business Administration,MSD,1,0,1600
1014768,Proyect Management,https://gis.aiesec.org/v2/opportunities/1014768,open,open,GT,66,78,2018-12-29,2018-11-29,2020-05-29,USMA,2018-10-09,Business Administration,BIMBO Panama,1,1,1250
1014742,Empowerment Women- IMPULSE,https://gis.aiesec.org/v2/opportunities/1014742,draft,draft,GV,0,6,2018-12-22,2019-01-08,2019-02-22,UP (University of Panama),2018-10-08,Null,Panama City,2,2,Null
1014723,English classes,https://gis.aiesec.org/v2/opportunities/1014723,draft,draft,GV,0,6,2018-12-22,2019-01-08,2019-02-22,UP (University of Panama),2018-10-08,Null,Panama City,2,2,Null
1013994,Enlaces - IMPULSE,https://gis.aiesec.org/v2/opportunities/1013994,draft,draft,GV,1,6,2019-02-22,2019-03-10,2019-04-23,UTP,2018-10-08,Null,Espacio Cultural Creativo,2,2,Null
1013993,Enlaces - IMPULSE,https://gis.aiesec.org/v2/opportunities/1013993,open,open,GV,0,6,2019-01-05,2019-01-20,2019-03-05,UTP,2018-10-08,Null,Espacio Cultural Creativo,2,2,Null
1013991,Enlaces - IMPULSE ,https://gis.aiesec.org/v2/opportunities/1013991,open,open,GV,0,6,2018-11-25,2018-12-02,2019-01-15,UTP,2018-10-08,Null,Espacio Cultural Creativo,2,2,Null
1010829,Record to Report Accountant Specialist,https://gis.aiesec.org/v2/opportunities/1010829,open,realized,GT,5,13,2018-10-06,2018-10-02,2019-01-01,UTP,2018-10-03,Business Administration,PHILIPS,1,0,1500
1010516,Graphic Designer,https://gis.aiesec.org/v2/opportunities/1010516,open,open,GE,4,10,2018-12-31,2019-01-04,2019-03-15,USMA,2018-10-03,Null,Gente Smart Corp,1,1,0
1010042,Digital Marketing - F. Palabra y Poder - Improve Project,https://gis.aiesec.org/v2/opportunities/1010042,open,open,GV,0,6,2018-11-29,2018-12-02,2019-01-15,UTP,2018-10-03,Null,Panama,2,2,Null
1008725,Graphic Design Juntos Podemos Curundu - IMPROVE,https://gis.aiesec.org/v2/opportunities/1008725,open,open,GV,2,6,2018-12-22,2019-01-08,2019-02-22,UP (University of Panama),2018-10-01,Null,Panama City,1,1,Null
1008713,Management Assistant Eco Creando -IMPROVE,https://gis.aiesec.org/v2/opportunities/1008713,draft,draft,GV,1,6,2018-12-22,2019-01-15,2019-03-01,UP (University of Panama),2018-10-01,Null,Eco Creando,1,1,Null
1008262,Administrative Assistant Eco Creando - IMPROVE,https://gis.aiesec.org/v2/opportunities/1008262,draft,draft,GV,0,6,2018-12-22,2019-01-15,2019-03-01,UP (University of Panama),2018-10-01,Null,Eco Creando,1,1,Null
1008261,Eco Creando Marketing- IMPROVE,https://gis.aiesec.org/v2/opportunities/1008261,draft,draft,GV,0,6,2018-12-22,2019-01-15,2019-03-01,UP (University of Panama),2018-10-01,Null,Eco Creando,1,1,Null
1008252,Marketing Juntos Podemos Curundu -IMPROVE,https://gis.aiesec.org/v2/opportunities/1008252,open,open,GV,0,6,2018-12-22,2019-01-08,2019-02-22,UP (University of Panama),2018-10-01,Null,Panama City,1,1,Null
1008251,Empowerment Women Juntos Podemos Curundu- IMPULSE,https://gis.aiesec.org/v2/opportunities/1008251,open,open,GV,1,6,2018-12-22,2019-01-08,2019-02-22,UP (University of Panama),2018-10-01,Null,Panama City,2,2,Null
1008241,English Classes Juntos Podemos Curundu - IMPULSE,https://gis.aiesec.org/v2/opportunities/1008241,open,open,GV,2,6,2018-12-22,2019-01-08,2019-02-22,UP (University of Panama),2018-10-01,Null,Panama City,2,2,Null
1008227,sdfsfaegaeraet,https://gis.aiesec.org/v2/opportunities/1008227,draft,draft,GV,0,6,2018-12-22,2019-01-03,2019-02-17,UP (University of Panama),2018-10-01,Null,Panama City,1,1,Null
1008218,sds,https://gis.aiesec.org/v2/opportunities/1008218,draft,draft,GV,0,6,2018-12-22,2019-01-02,2019-02-16,UP (University of Panama),2018-10-01,Null,Panama City,2,2,Null
1007851,improve eco creando,https://gis.aiesec.org/v2/opportunities/1007851,draft,draft,GV,0,6,2018-12-22,2019-01-10,2019-02-24,UP (University of Panama),2018-09-30,Null,Eco Creando,1,1,Null
1007850,IMPROVE ECO CREANDO,https://gis.aiesec.org/v2/opportunities/1007850,draft,draft,GV,0,6,2018-12-22,2019-01-10,2019-02-24,UP (University of Panama),2018-09-30,Null,Eco Creando,1,1,Null
1007847,Eco Creando Marketing- IMPROVE,https://gis.aiesec.org/v2/opportunities/1007847,draft,draft,GV,0,6,2018-12-22,2019-01-10,2019-02-24,UP (University of Panama),2018-09-30,Null,Eco Creando,1,1,Null
1006787,Marketing -IMPROVE,https://gis.aiesec.org/v2/opportunities/1006787,draft,draft,GV,0,6,2018-12-22,2019-01-02,2019-02-16,UP (University of Panama),2018-09-29,Null,Panama City,1,1,Null
1006785,empowerment women- IMPULSE,https://gis.aiesec.org/v2/opportunities/1006785,draft,draft,GV,0,6,2018-11-22,2019-01-02,2019-02-16,UP (University of Panama),2018-09-29,Null,Panama City,2,2,Null
1006784,English classes,https://gis.aiesec.org/v2/opportunities/1006784,draft,draft,GV,0,6,2018-12-22,2019-01-02,2019-02-16,UP (University of Panama),2018-09-29,Null,Panama City,2,2,Null
1006276,Treasury Analyst,https://gis.aiesec.org/v2/opportunities/1006276,open,open,GT,193,78,2018-11-12,2018-11-12,2020-05-11,UTP,2018-09-28,Business Administration,NESTLÉ,1,1,1300
1005245,Performance & Project Management,https://gis.aiesec.org/v2/opportunities/1005245,draft,draft,GT,202,76,2018-11-23,2018-11-12,2020-04-27,USMA,2018-09-26,Business Administration,Sanofi Aventis,1,1,1300
1004205,Finance assistant,https://gis.aiesec.org/v2/opportunities/1004205,open,unmatched,GT,71,24,2018-09-30,2018-10-07,2019-03-28,USMA,2018-09-25,Business Administration,Sanofi Aventis,1,1,1300
1003809,Marketing Support,https://gis.aiesec.org/v2/opportunities/1003809,removed,removed,GT,90,30,2018-10-30,2018-11-01,2019-05-30,USMA,2018-09-25,Marketing,Sanofi Aventis,1,1,1300
1003799,Desicion Support Specialist,https://gis.aiesec.org/v2/opportunities/1003799,open,realized,GT,84,23,2018-10-12,2018-10-12,2019-03-26,UTP,2018-09-25,Business Administration,Nestlé,1,0,1500
1002339,Digital Marketing - Improve Project,https://gis.aiesec.org/v2/opportunities/1002339,open,open,GV,3,6,2018-11-30,2018-12-03,2019-01-14,UTP,2018-09-22,Null,Pro niños del Darién,1,1,Null
1001714,Human Resources Analyst,https://gis.aiesec.org/v2/opportunities/1001714,removed,removed,GT,257,75,2018-11-29,2018-11-12,2020-04-26,USMA,2018-09-21,Business Administration,Sanofi Aventis,1,1,1300
1001707,Marketing Support Lead,https://gis.aiesec.org/v2/opportunities/1001707,open,approved,GT,84,77,2018-10-18,2018-10-30,2020-04-27,USMA,2018-09-21,Marketing,Sanofi Aventis,1,0,1300
1001036,Digital marketing - Panamá para niños - Improve Project,https://gis.aiesec.org/v2/opportunities/1001036,draft,draft,GV,0,6,2018-09-30,2018-10-07,2018-11-18,UTP,2018-09-21,Null,Panama,1,1,Null
999146,Digital Marketing Sr. Analyst ,https://gis.aiesec.org/v2/opportunities/999146,open,matched,GT,260,78,2018-11-12,2018-11-12,2020-05-11,UTP,2018-09-18,Marketing,DELL Panama- S.A.,1,0,1200
998620,Datacenter Solution Sales Assistant,https://gis.aiesec.org/v2/opportunities/998620,open,open,GT,122,78,2018-11-12,2018-11-12,2020-05-11,UTP,2018-09-17,Business Administration,DELL Panama- S.A.,3,3,1200
998556,Assistant Commercial Manager Central America,https://gis.aiesec.org/v2/opportunities/998556,open,realized,GT,22,26,2018-09-18,2018-09-18,2019-03-19,UTP,2018-09-17,Marketing,JCDecaux Panamá,1,0,1000
998351,Administration - Sembrando en Buena Tierra - Improve Project,https://gis.aiesec.org/v2/opportunities/998351,draft,draft,GV,0,6,2018-11-30,2018-12-03,2019-01-19,UTP,2018-09-17,Null,Panama City,2,2,Null
997954,Digital Marketing - Improve Project,https://gis.aiesec.org/v2/opportunities/997954,open,open,GV,0,6,2019-01-01,2019-01-15,2019-02-26,UTP,2018-09-16,Null,Panamá,1,1,Null
997949,Digital Marketing - Improve Project,https://gis.aiesec.org/v2/opportunities/997949,open,open,GV,3,6,2018-11-16,2018-12-03,2019-01-16,UTP,2018-09-16,Null,Panamá,1,1,Null
997948,Public Relations - Improve Project,https://gis.aiesec.org/v2/opportunities/997948,open,matched,GV,3,6,2018-11-16,2018-12-03,2019-01-16,UTP,2018-09-16,Null,Panamá,2,0,Null
997943,Public Relations - Improve Project,https://gis.aiesec.org/v2/opportunities/997943,open,unmatched,GV,2,6,2018-10-19,2018-10-22,2018-12-03,UTP,2018-09-16,Null,Panamá,1,1,Null
997902,Digital Marketing - Improve Project,https://gis.aiesec.org/v2/opportunities/997902,open,in_progress,GV,3,6,2018-10-31,2018-11-19,2018-12-31,UTP,2018-09-16,Null,Pro Niños del Darién,1,1,Null
997897,INTERPRETES DE BRIGADAS- GLOBAL BRIGADES,https://gis.aiesec.org/v2/opportunities/997897,open,open,GV,0,7,2018-12-31,2019-03-04,2019-04-26,UTP,2018-09-16,Null,Global Brigades(Panama),1,1,Null
997891,INTERPRETES DE BRIGADAS-GLOBAL BRIGADES,https://gis.aiesec.org/v2/opportunities/997891,open,open,GV,0,6,2018-11-30,2019-01-07,2019-02-23,UTP,2018-09-15,Null,Global Brigades(Panama),1,1,Null
997192,Digital marketing - Panamá para niños - Improve Project,https://gis.aiesec.org/v2/opportunities/997192,open,in_progress,GV,0,6,2018-09-13,2018-11-16,2018-12-31,UTP,2018-09-13,Null,Panama,1,1,Null
997175,Impulse Project - Fundación Palabra y Poder ,https://gis.aiesec.org/v2/opportunities/997175,open,open,GV,0,6,2018-11-30,2018-12-03,2019-01-16,UTP,2018-09-13,Null,Panama,6,6,Null
996781,Math teacher - Sembrando en Buena Tierra -Impulse Project,https://gis.aiesec.org/v2/opportunities/996781,open,matched,GV,5,6,2018-12-30,2019-01-14,2019-03-01,UTP,2018-09-13,Null,Panama City,2,0,Null
996776,Interprete de Brigadas ,https://gis.aiesec.org/v2/opportunities/996776,open,open,GV,0,6,2018-11-29,2018-12-03,2019-01-15,UTP,2018-09-13,Null,Global Brigades,1,1,Null
996640,Website Builder for E-Commerce,https://gis.aiesec.org/v2/opportunities/996640,open,in_progress,GE,3,8,2018-10-31,2018-11-30,2019-01-31,USMA,2018-09-12,Null,Top Designers Shop,1,1,0
996342,Digital Marketing- Sembrando En Buena Tierra-Improve Project,https://gis.aiesec.org/v2/opportunities/996342,open,unmatched,GV,2,6,2018-10-15,2018-10-16,2018-11-30,UTP,2018-09-12,Null,Panama City,2,2,Null
994190,Assistant Commercial Manager Central America,https://gis.aiesec.org/v2/opportunities/994190,removed,removed,GT,137,25,2018-10-31,2018-09-21,2019-03-21,UTP,2018-09-05,Null,JCDecaux Panamá,1,1,1000
994130,Treasury Analyst,https://gis.aiesec.org/v2/opportunities/994130,open,realized,GT,107,13,2018-09-28,2018-09-13,2018-12-13,UTP,2018-09-05,Business Administration,NESTLÉ,1,0,1500
994000,Intern Range Management ,https://gis.aiesec.org/v2/opportunities/994000,open,realized,GT,130,21,2018-09-23,2018-09-29,2019-02-27,UTP,2018-09-05,Business Administration,Adidas Latin America,1,0,1200
993657,HR generalist for Central & South America,https://gis.aiesec.org/v2/opportunities/993657,open,realized,GT,49,25,2018-09-30,2018-09-11,2019-03-11,UTP,2018-09-03,Null,Deutsche Post DHL Group - Panama,1,0,1600
993291,Operation & administration trainee,https://gis.aiesec.org/v2/opportunities/993291,open,approved,GT,154,52,2018-10-08,2018-10-18,2019-10-18,UTP,2018-09-02,Business Administration,NOVARTIS,1,0,1200
992330,Especialista de promociones,https://gis.aiesec.org/v2/opportunities/992330,open,unmatched,GT,46,12,2018-09-09,2018-09-16,2018-12-13,UTP,2018-08-30,Business Administration,NESTLÉ,1,1,1200
992322,Procurement Support Specialist ,https://gis.aiesec.org/v2/opportunities/992322,open,unmatched,GT,34,17,2018-09-09,2018-09-02,2018-12-30,UTP,2018-08-30,Business Administration,NESTLÉ,1,1,1600
992109,Finance,https://gis.aiesec.org/v2/opportunities/992109,open,open,GT,200,73,2018-11-14,2018-11-14,2020-04-14,USMA,2018-08-29,Business Administration,Sanofi Aventis,1,1,1300
992057,Analista Contable Senior ,https://gis.aiesec.org/v2/opportunities/992057,open,open,GT,55,25,2018-11-29,2018-11-12,2019-05-12,USMA,2018-08-29,Business Administration,Fresenius Medical Care,1,1,1200
991706,Product Manager Junior,https://gis.aiesec.org/v2/opportunities/991706,open,realized,GT,2,72,2020-01-11,2018-08-27,2020-01-13,UTP,2018-08-28,Marketing,GLAXOSMITHKLINE,1,0,1200
989085,Employee Experience Analyst,https://gis.aiesec.org/v2/opportunities/989085,open,approved,GT,248,75,2018-10-25,2018-11-01,2020-04-10,USMA,2018-08-17,Business Administration,Sanofi Aventis,1,0,1300
988899,World Largest Lesson - Volunteers Coordinator,https://gis.aiesec.org/v2/opportunities/988899,open,realized,GV,7,6,2018-09-01,2018-09-10,2018-10-22,UTP,2018-08-16,Null,UNICEF,3,0,Null
988871,World Largest Lesson - Marketing Coordinator,https://gis.aiesec.org/v2/opportunities/988871,open,realized,GV,1,6,2018-09-10,2018-09-10,2018-10-22,UTP,2018-08-16,Null,UNICEF,1,0,Null
988847,World Largest Lesson - Logistics,https://gis.aiesec.org/v2/opportunities/988847,open,unmatched,GV,6,6,2018-09-10,2018-09-10,2018-10-22,UTP,2018-08-16,Null,UNICEF,4,0,Null
988845,World Largest Lesson - Finance Coordinator,https://gis.aiesec.org/v2/opportunities/988845,open,realized,GV,1,6,2018-09-10,2018-09-10,2018-10-22,UTP,2018-08-16,Null,UNICEF,1,0,Null
988834,World Largest Lesson organizational comitte President,https://gis.aiesec.org/v2/opportunities/988834,open,realized,GV,1,6,2018-08-31,2018-09-10,2018-10-22,UTP,2018-08-16,Null,UNICEF,1,0,Null
988817,Marketing and communications volunteer,https://gis.aiesec.org/v2/opportunities/988817,open,realized,GV,2,6,2018-09-10,2018-09-03,2018-10-15,UTP,2018-08-16,Null,UNICEF,1,0,Null
988312,External Relations - F. Palabra y Poder - Improve Project,https://gis.aiesec.org/v2/opportunities/988312,open,approved,GV,6,6,2018-11-26,2018-12-02,2019-01-13,UTP,2018-08-14,Null,Panama,3,0,Null
987660,Volunteers for the Rights of Children,https://gis.aiesec.org/v2/opportunities/987660,open,unmatched,GV,4,6,2018-09-08,2018-09-03,2018-10-15,UTP,2018-08-12,Null,UNICEF,4,0,Null
987659,Organization Committee - World Largest Lesson,https://gis.aiesec.org/v2/opportunities/987659,draft,draft,GV,0,6,2018-09-07,2018-08-26,2018-10-13,UTP,2018-08-12,Null,UNICEF,10,10,Null
986914,Inside Sales Support Representative,https://gis.aiesec.org/v2/opportunities/986914,draft,draft,GT,0,None,2018-08-20,Null,Null,UTP,2018-08-09,Null,DELL,1,1,Null
986845,Master Data / Monitor Support,https://gis.aiesec.org/v2/opportunities/986845,open,approved,GT,93,76,2018-10-12,2018-10-21,2020-04-09,USMA,2018-08-09,Business Administration,SANOFI AVENTIS,1,0,1300
986798,Human Resources Compensation & Benefits Analyst,https://gis.aiesec.org/v2/opportunities/986798,removed,removed,GT,41,78,2018-09-10,2018-09-10,2020-03-09,USMA,2018-08-09,Business Administration,Panama City,1,1,1300
986413,Marketing Assistant NOLA,https://gis.aiesec.org/v2/opportunities/986413,open,realized,GT,183,77,2018-09-23,2018-09-23,2020-03-19,UTP,2018-08-07,Marketing,DELL Panama- S.A.,1,0,1200
985970,Electronic Engineer,https://gis.aiesec.org/v2/opportunities/985970,open,unmatched,GT,136,38,2018-10-29,2018-10-30,2019-07-27,BALBOA,2018-08-04,Null,Panamá,2,2,1000
985902,Marketing Trainnee,https://gis.aiesec.org/v2/opportunities/985902,open,realized,GT,143,78,2018-09-17,2018-09-10,2020-03-10,UTP,2018-08-04,Marketing,NOVARTIS,1,0,1200
985776,Service Sales - Email Merge APOS Team,https://gis.aiesec.org/v2/opportunities/985776,open,approved,GT,167,77,2018-10-19,2018-10-21,2020-04-16,UTP,2018-08-04,Business Administration,DELL,1,0,1200
985760,Customer Advocacy Data Analyst,https://gis.aiesec.org/v2/opportunities/985760,open,approved,GT,177,77,2018-10-19,2018-10-21,2020-04-15,UTP,2018-08-03,Business Administration,DELL,1,0,1200
985711,Decision Support Specialist,https://gis.aiesec.org/v2/opportunities/985711,open,realized,GT,103,25,2018-08-30,2018-09-17,2019-03-15,UTP,2018-08-03,Business Administration,NESTLÉ,1,0,1600
985441,IMPROVE - Digital Marketing,https://gis.aiesec.org/v2/opportunities/985441,open,open,GV,3,7,2018-11-28,2018-12-05,2019-01-25,CHIRIQUI,2018-08-01,Null,Chiriqui,2,1,Null
985290,intern mkt,https://gis.aiesec.org/v2/opportunities/985290,removed,removed,GT,0,52,2018-08-16,2018-08-24,2019-08-24,ISTMO,2018-07-31,Null,Panama City,1,1,1000
984468,Impulse Project - Fundación Palabra y Poder ,https://gis.aiesec.org/v2/opportunities/984468,open,unmatched,GV,16,6,2018-09-26,2018-09-27,2018-11-09,UTP,2018-07-24,Null,Panama,8,7,Null
984458,Communication Support - Banco de Alimentos Panamá - Improve,https://gis.aiesec.org/v2/opportunities/984458,open,realized,GV,1,6,2018-09-23,2018-10-08,2018-11-19,UTP,2018-07-23,Null,Panamá,1,0,Null
984457,Communication Support - Banco de Alimentos Panamá - Improve,https://gis.aiesec.org/v2/opportunities/984457,removed,removed,GV,1,6,2018-08-13,2018-08-23,2018-10-04,UTP,2018-07-23,Null,Panamá,1,1,Null
984227,Marketing Analyst,https://gis.aiesec.org/v2/opportunities/984227,open,unmatched,GT,91,72,2018-07-30,2018-08-30,2020-01-20,UTP,2018-07-21,Marketing,GSK Panama,1,1,1400
984207,Marketing Trainee,https://gis.aiesec.org/v2/opportunities/984207,open,realized,GT,220,53,2018-08-30,2018-09-17,2019-09-27,UTP,2018-07-20,Marketing,Janssen,1,0,1200
984031,Improving With Love (Digital Marketing)  - IMPROVE,https://gis.aiesec.org/v2/opportunities/984031,open,in_progress,GV,6,7,2018-10-31,2018-11-05,2018-12-29,CHIRIQUI,2018-07-18,Null,Chiriqui,1,1,Null
983759,Soporte de Proyecto Gerencial,https://gis.aiesec.org/v2/opportunities/983759,open,realized,GT,49,21,2018-07-31,2018-08-23,2019-01-23,USMA,2018-07-13,Null,Fresenius Medical Care,1,0,1200
983583,INSIDE SALES SUPPORT REPRESENTATIVE,https://gis.aiesec.org/v2/opportunities/983583,open,realized,GT,56,72,2018-12-29,2018-07-29,2019-12-19,UTP,2018-07-12,Marketing,DELL Panama- S.A.,2,0,1200
983177,Analista de Finanza,https://gis.aiesec.org/v2/opportunities/983177,open,realized,GT,24,26,2018-07-13,2018-08-15,2019-02-15,UTP,2018-07-06,Null,Robert Bosch Panama,1,0,1100
983130,Improve - Palabra y Poder,https://gis.aiesec.org/v2/opportunities/983130,removed,removed,GV,3,6,2018-08-03,2018-08-10,2018-09-23,UTP,2018-07-06,Null,Panama,1,1,Null
983109,SPOTS Intern,https://gis.aiesec.org/v2/opportunities/983109,open,unmatched,GT,373,77,2018-10-19,2018-10-21,2020-04-15,UTP,2018-07-05,Marketing,DELL Panama- S.A.,1,1,1200
983106,Product Manager Junior,https://gis.aiesec.org/v2/opportunities/983106,open,unmatched,GT,144,73,2018-09-12,2018-08-21,2020-01-14,UTP,2018-07-05,Marketing,GLAXOSMITHKLINE,1,0,1200
983019,Omnichannel Marketing Intern,https://gis.aiesec.org/v2/opportunities/983019,open,realized,GT,37,52,2018-07-17,2018-07-17,2019-07-17,UTP,2018-07-04,Marketing,Adidas Latin America,1,0,1200
982965,Key Account Manager,https://gis.aiesec.org/v2/opportunities/982965,draft,draft,GE,0,13,2018-10-30,2018-11-30,2019-03-02,USMA,2018-07-03,Business Administration,Swiss Hotel,1,1,0
982902,Graphic Design Intern,https://gis.aiesec.org/v2/opportunities/982902,open,unmatched,GT,52,26,2018-09-12,2018-09-16,2019-03-17,USMA,2018-07-02,Marketing,HILTI,1,1,1000
982866,Enlaces - IMPULSE,https://gis.aiesec.org/v2/opportunities/982866,open,approved,GV,8,6,2018-12-27,2019-01-06,2019-02-17,UTP,2018-07-02,Null,Panama City,2,0,Null
982864,Enlaces - IMPULSE,https://gis.aiesec.org/v2/opportunities/982864,open,approved,GV,5,6,2019-01-09,2019-02-17,2019-03-31,UTP,2018-07-02,Null,Panama City,2,0,Null
982855,Enlaces - IMPULSE,https://gis.aiesec.org/v2/opportunities/982855,open,unmatched,GV,3,6,2018-08-11,2018-07-22,2018-09-02,UTP,2018-07-02,Null,Panama City,2,1,Null
982397,Digital Marketing - F. Palabra y Poder - Improve Project,https://gis.aiesec.org/v2/opportunities/982397,open,completed,GV,4,6,2018-07-09,2018-07-14,2018-08-25,UTP,2018-06-28,Null,Panama,1,0,Null
982061,Financial Analyst,https://gis.aiesec.org/v2/opportunities/982061,open,realized,GT,86,78,2018-07-16,2018-07-29,2020-01-30,UTP,2018-06-25,Business Administration,DELL Panama- S.A.,1,0,1200
981941,Talent Acquisition Coordinator,https://gis.aiesec.org/v2/opportunities/981941,draft,draft,GT,0,26,2018-07-02,2018-07-03,2019-01-01,UTP,2018-06-25,Other,Adidas Latin America,1,1,1200
981680,Finance,https://gis.aiesec.org/v2/opportunities/981680,removed,removed,GT,9,27,2018-07-24,2018-05-02,2018-11-09,UTP,2018-06-23,Business Administration,Philips Latin America,1,1,1500
981678,Accounting sr. analyst,https://gis.aiesec.org/v2/opportunities/981678,open,matched,GT,78,26,2018-07-24,2018-08-01,2019-02-02,UTP,2018-06-23,Marketing,DELL,1,0,1200
981661,Collection Specialist,https://gis.aiesec.org/v2/opportunities/981661,open,realized,GT,4,29,2018-09-20,2018-06-08,2018-12-28,UTP,2018-06-22,Business Administration,Philips Latin America,1,0,1200
981328,Talent Acquisition Coordinator,https://gis.aiesec.org/v2/opportunities/981328,open,realized,GT,17,22,2018-07-26,2018-07-26,2019-01-01,UTP,2018-06-20,Other,Adidas Latin America,1,0,1200
981175,Integration Business Analyst,https://gis.aiesec.org/v2/opportunities/981175,open,realized,GT,60,12,2018-07-17,2018-09-18,2018-12-14,UTP,2018-06-19,Null,JCDecaux Panamá,1,0,1000
981133,Medical Trainne June,https://gis.aiesec.org/v2/opportunities/981133,open,realized,GT,31,74,2018-08-01,2018-07-09,2019-12-09,UTP,2018-06-19,Business Administration,NOVARTIS FARMACEUTICA,1,0,1200
981020,Online Merchandising Advisor,https://gis.aiesec.org/v2/opportunities/981020,removed,removed,GT,43,77,2018-07-16,2018-08-05,2020-01-30,UTP,2018-06-18,Marketing,DELL Panama- S.A.,1,1,1200
980627,Procurement Category Buyer Support,https://gis.aiesec.org/v2/opportunities/980627,removed,removed,GT,118,77,2018-11-30,2018-10-20,2020-04-15,USMA,2018-06-15,Business Administration,Sanofi Aventis,1,1,1300
980451,Finance May,https://gis.aiesec.org/v2/opportunities/980451,open,realized,GT,7,26,2018-06-26,2018-07-06,2019-01-06,UTP,2018-06-15,Null,Philips Latin America,1,0,1200
980226,External Relations - F. Palabra y Poder - Improve Project,https://gis.aiesec.org/v2/opportunities/980226,open,unmatched,GV,0,6,2018-06-15,2018-06-17,2018-07-29,UTP,2018-06-14,Null,Panama,2,2,Null
980025,SHE is Valuable (ELLA es Valiosa)  -IMPULSE,https://gis.aiesec.org/v2/opportunities/980025,open,realized,GV,9,6,2018-10-19,2018-10-31,2018-12-16,CHIRIQUI,2018-06-13,Null,Chiriqui,2,0,Null
979690,Budget Administrator,https://gis.aiesec.org/v2/opportunities/979690,removed,removed,GT,78,77,2018-07-16,2018-07-08,2020-01-02,UTP,2018-06-11,Business Administration,DELL Panama- S.A.,1,1,1200
978788,Inside sales support,https://gis.aiesec.org/v2/opportunities/978788,open,realized,GT,107,77,2018-07-16,2018-07-29,2020-01-23,UTP,2018-06-08,Business Administration,DELL Panama- S.A.,1,0,1200
978436,Human Resources Leadership Development Assitant,https://gis.aiesec.org/v2/opportunities/978436,open,realized,GT,99,77,2018-07-16,2018-07-22,2020-01-16,USMA,2018-06-07,Other,Sanofi Aventis,1,0,1300
978121,Asistente de Dirección de Marketing,https://gis.aiesec.org/v2/opportunities/978121,open,realized,GT,11,26,2018-06-30,2018-08-20,2019-02-18,UTP,2018-06-06,Null,JCDecaux Panamá,1,0,1000
977092,Trade Channel Marketing Intern,https://gis.aiesec.org/v2/opportunities/977092,open,realized,GT,105,77,2018-07-16,2018-07-08,2020-01-02,UTP,2018-06-01,Marketing,DELL Panama- S.A.,1,0,1200
977013,Distribution SSR Support,https://gis.aiesec.org/v2/opportunities/977013,open,realized,GT,27,77,2018-06-30,2018-07-09,2020-01-05,UTP,2018-05-31,Business Administration,DELL Panama- S.A.,1,0,1200
977010,Services Sales -  APOS Support,https://gis.aiesec.org/v2/opportunities/977010,open,realized,GT,39,77,2018-06-30,2018-07-09,2020-01-05,UTP,2018-05-31,Business Administration,DELL Panama- S.A.,1,0,1200
977006,Services Sales - APOS Distribution Support,https://gis.aiesec.org/v2/opportunities/977006,open,realized,GT,86,77,2018-07-17,2018-08-06,2020-01-31,UTP,2018-05-31,Business Administration,DELL Panama- S.A.,1,0,1200
976795,Soporte a Marketing y Eventos Sanofi Genzyme,https://gis.aiesec.org/v2/opportunities/976795,open,realized,GT,12,77,2018-06-28,2018-06-08,2019-12-05,USMA,2018-05-31,Marketing,Sanofi Aventis,1,0,1300
976645,Soporte a Marketing y Eventos Sanofi Genzyme,https://gis.aiesec.org/v2/opportunities/976645,draft,draft,GT,0,78,2018-06-15,2018-07-09,2020-01-09,USMA,2018-05-30,Marketing,SANOFI AVENTIS,1,1,Null
976053,Junior Product/Brand Management,https://gis.aiesec.org/v2/opportunities/976053,open,realized,GT,129,52,2018-09-21,2018-09-21,2019-09-21,UTP,2018-05-28,Marketing,GLAXOSMITHKLINE,2,0,1400
975251,Arquitecto de Soluciones,https://gis.aiesec.org/v2/opportunities/975251,removed,removed,GT,13,56,2018-06-25,2018-06-18,2019-07-15,BALBOA,2018-05-25,Other,Copa Airlines,1,1,1200
975247,Arquitecto de Soluciones,https://gis.aiesec.org/v2/opportunities/975247,draft,draft,GT,8,6,2019-06-10,2018-06-24,2018-08-07,BALBOA,2018-05-25,Null,Copa Airlines,1,1,1200
974811,Data Quality,https://gis.aiesec.org/v2/opportunities/974811,open,realized,GT,4,77,2018-06-24,2018-06-04,2019-12-01,USMA,2018-05-24,Null,Panalpina,1,0,1200
974606,Marketing Coordinator,https://gis.aiesec.org/v2/opportunities/974606,open,realized,GT,115,76,2018-07-30,2018-07-10,2019-12-27,UTP,2018-05-23,Marketing,Janssen,1,0,1200
972464,Marketing Trainee Inm & Derma,https://gis.aiesec.org/v2/opportunities/972464,open,realized,GT,55,52,2018-06-15,2018-06-18,2019-06-18,UTP,2018-05-16,Business Administration,NOVARTIS,1,0,1000
972382,Data Report Specialist,https://gis.aiesec.org/v2/opportunities/972382,open,realized,GT,39,23,2018-07-30,2018-06-24,2018-12-06,USMA,2018-05-15,Business Administration,Sanofi Aventis,1,0,1300
972049,Inventory and Demand Planning support intern,https://gis.aiesec.org/v2/opportunities/972049,open,realized,GT,8,26,2018-06-29,2018-05-31,2018-11-29,USMA,2018-05-14,Business Administration,HILTI,1,0,1400
971282,Analista de Inteligencia Comercial,https://gis.aiesec.org/v2/opportunities/971282,removed,removed,GT,34,52,2018-05-31,2018-06-11,2019-06-10,BALBOA,2018-05-11,Null,Copa Airlines,1,1,1200
971138,Operations Analyst,https://gis.aiesec.org/v2/opportunities/971138,removed,removed,GT,29,25,2018-07-14,2018-06-15,2018-12-12,BALBOA,2018-05-11,Business Administration,Panamá,1,1,1200
969704,Talent Acquisition Intern,https://gis.aiesec.org/v2/opportunities/969704,open,realized,GT,88,26,2018-08-31,2018-06-01,2018-12-01,USMA,2018-05-09,Business Administration,HILTI,1,0,1300
968510,Communication Support - Banco de Alimentos Panamá - improve,https://gis.aiesec.org/v2/opportunities/968510,open,realized,GV,2,6,2018-09-24,2018-10-09,2018-11-20,UTP,2018-05-06,Null,Panamá,1,0,Null
968505,Communication Support - Banco de Alimentos Panamá - Improve,https://gis.aiesec.org/v2/opportunities/968505,open,realized,GV,2,6,2018-08-14,2018-08-24,2018-10-05,UTP,2018-05-06,Null,Panamá,1,0,Null
967681,Talent Acquisition - Recruiter,https://gis.aiesec.org/v2/opportunities/967681,removed,removed,GT,122,26,2018-06-04,2018-06-01,2018-12-01,UTP,2018-05-04,Null,Philips Latin America,1,1,1400
967083,Marketing Coordinator,https://gis.aiesec.org/v2/opportunities/967083,open,realized,GT,11,26,2018-06-29,2018-05-01,2018-11-02,UTP,2018-05-02,Marketing,Janssen,1,0,1200
966997,Finance assistant,https://gis.aiesec.org/v2/opportunities/966997,draft,draft,GT,4,34,2018-07-16,2018-05-01,2018-12-30,UTP,2018-05-02,Business Administration,Janssen,1,0,1200
964830,Supply Chain Intern,https://gis.aiesec.org/v2/opportunities/964830,open,realized,GT,92,27,2018-06-22,2018-06-05,2018-12-15,UTP,2018-04-28,Null,Philips Lighting,1,0,1200
964084,Community Research Manager,https://gis.aiesec.org/v2/opportunities/964084,open,unmatched,GE,7,8,2018-05-30,2018-06-18,2018-08-18,USMA,2018-04-27,Other,Universo Selva,1,1,0
963347,FfDo Intern (Food por Development),https://gis.aiesec.org/v2/opportunities/963347,removed,removed,GT,25,13,2018-05-01,2018-05-11,2018-08-10,BALBOA,2018-04-25,Null,TETRAPAK,1,1,1400
960473,Customer Service,https://gis.aiesec.org/v2/opportunities/960473,open,unmatched,GT,65,76,2018-06-24,2018-04-28,2019-10-15,USMA,2018-04-22,Business Administration,Panalpina,1,1,1000
959347,Controlling,https://gis.aiesec.org/v2/opportunities/959347,open,realized,GT,94,6,2018-07-16,2018-07-15,2018-08-30,USMA,2018-04-20,Business Administration,Sanofi Aventis,1,0,1300
957793,Financial Planning & Analysis,https://gis.aiesec.org/v2/opportunities/957793,open,realized,GT,127,77,2018-07-16,2018-07-16,2020-01-10,UTP,2018-04-18,Business Administration,DELL Panama- S.A.,1,0,1200
957442,Analista de información comercial,https://gis.aiesec.org/v2/opportunities/957442,open,unmatched,GT,165,50,2018-05-25,2018-05-28,2019-05-19,BALBOA,2018-04-18,Null,Carvajal,1,1,1400
957023,Product Marketing Ops,https://gis.aiesec.org/v2/opportunities/957023,open,realized,GT,134,77,2018-07-14,2018-06-10,2019-12-05,UTP,2018-04-17,Business Administration,DELL Panama- S.A.,1,0,1200
956681,Americas NPS PM,https://gis.aiesec.org/v2/opportunities/956681,open,realized,GT,106,49,2018-05-22,2018-05-29,2019-05-13,USMA,2018-04-17,Null,G4S,1,0,1500
955748,Accouting Assistant,https://gis.aiesec.org/v2/opportunities/955748,open,realized,GT,94,52,2018-05-04,2018-05-07,2019-05-06,UTP,2018-04-16,Null,Robert Bosch Panama,1,0,1100
955458,Digital Marketing Manager  - IMPROVE Project,https://gis.aiesec.org/v2/opportunities/955458,open,unmatched,GV,9,6,2018-07-12,2018-07-13,2018-08-24,UP (University of Panama),2018-04-16,Null,Panama City,1,1,Null
954754,External Relations Manager- IMPROVE Project,https://gis.aiesec.org/v2/opportunities/954754,open,unmatched,GV,6,6,2018-06-30,2018-07-15,2018-08-26,UP (University of Panama),2018-04-14,Null,AIESEC en UP - Panama,1,1,Null
953347,graphic design- IMPROVE,https://gis.aiesec.org/v2/opportunities/953347,open,completed,GV,3,6,2018-05-28,2018-06-05,2018-07-17,UP (University of Panama),2018-04-12,Null,Panama,1,0,Null
948080,Marketing Communication Intern,https://gis.aiesec.org/v2/opportunities/948080,open,realized,GT,16,26,2018-05-31,2018-04-11,2018-10-11,USMA,2018-04-07,Null,HILTI,1,0,1300
947096,External Relations - F. Palabra y Poder - Improve Project,https://gis.aiesec.org/v2/opportunities/947096,removed,removed,GV,3,6,2018-04-22,2018-04-21,2018-06-02,UTP,2018-04-06,Null,Panama,1,1,Null
945085,Human Resources,https://gis.aiesec.org/v2/opportunities/945085,open,realized,GT,92,77,2018-05-31,2018-05-21,2019-11-15,UTP,2018-04-03,Null,DELL Panama- S.A.,1,0,1200
939407,IMPULSE - GIRLS INNOVA,https://gis.aiesec.org/v2/opportunities/939407,open,open,GV,25,7,2018-11-17,2018-11-25,2019-01-19,CHIRIQUI,2018-03-28,Null,Asociacion de Muchachas Guias,1,1,Null
939305,IMPULSE - I LEARN ENGLISH,https://gis.aiesec.org/v2/opportunities/939305,open,open,GV,15,7,2018-11-12,2018-11-26,2019-01-19,CHIRIQUI,2018-03-28,Null,Asociacion de Muchachas Guias,1,1,Null
934706,Financial Planning Intern,https://gis.aiesec.org/v2/opportunities/934706,open,unmatched,GT,349,52,2018-10-05,2018-10-09,2019-10-09,UTP,2018-03-23,Business Administration,MSD Central America & The Caribbean,1,1,1200
933590,Process Analyst Project,https://gis.aiesec.org/v2/opportunities/933590,open,realized,GT,7,20,2018-03-30,2018-03-26,2018-08-17,USMA,2018-03-23,Null,TELEFONICA MOVILES PANAMA- S.A.,1,0,1000
933494,Marketing Trainee CAC,https://gis.aiesec.org/v2/opportunities/933494,draft,draft,GT,1,28,2018-03-31,2018-03-27,2018-10-11,UTP,2018-03-22,Null,NOVARTIS,1,0,1400
932156,Finances IMPROVE,https://gis.aiesec.org/v2/opportunities/932156,open,realized,GV,8,6,2018-06-03,2018-06-11,2018-07-23,UP (University of Panama),2018-03-21,Null,Fundación Educación Vial,1,0,Null
931347,Digital Marketing - IMPROVE,https://gis.aiesec.org/v2/opportunities/931347,open,completed,GV,1,6,2018-06-03,2018-06-11,2018-07-23,UP (University of Panama),2018-03-21,Null,Fundación Educación Vial,1,0,Null
926943,AviFauna- IMPROVE,https://gis.aiesec.org/v2/opportunities/926943,open,unmatched,GV,8,6,2018-06-10,2018-06-18,2018-07-30,UP (University of Panama),2018-03-17,Null,AviFauna,1,1,Null
926942,CAMORUCO,https://gis.aiesec.org/v2/opportunities/926942,open,unmatched,GV,2,6,2018-06-10,2018-06-18,2018-07-30,UP (University of Panama),2018-03-17,Null,AviFauna,2,2,Null
925631,IMPROVE - Digital marketing and advertising,https://gis.aiesec.org/v2/opportunities/925631,removed,removed,GV,15,7,2018-11-10,2018-12-04,2019-01-26,CHIRIQUI,2018-03-16,Null,Fundacion Dios es Fiel,1,1,Null
925624,IMPULSE - TRAINING AND ADVISING HUMAN RIGHTS,https://gis.aiesec.org/v2/opportunities/925624,open,unmatched,GV,18,6,2018-07-15,2018-08-08,2018-09-19,CHIRIQUI,2018-03-16,Null,Fundacion Dios es Fiel,2,1,Null
924099,Financial Planning Analyst,https://gis.aiesec.org/v2/opportunities/924099,open,approved,GT,321,25,2018-11-30,2018-11-15,2019-05-15,USMA,2018-03-14,Business Administration,QUALA,1,0,1500
923538,TECHO,https://gis.aiesec.org/v2/opportunities/923538,open,realized,GV,6,6,2018-06-23,2018-07-02,2018-08-13,UP (University of Panama),2018-03-13,Null,TECHO PANAMA,1,0,Null
923425,Client Merchandiser analyst,https://gis.aiesec.org/v2/opportunities/923425,open,realized,GT,116,77,2018-06-30,2018-04-23,2019-10-18,UTP,2018-03-13,Null,DELL Panama- S.A.,1,0,1200
922790,Project --ANALYST BUSINESS ADMINISTRATION,https://gis.aiesec.org/v2/opportunities/922790,open,realized,GT,18,27,2018-03-17,2018-03-20,2018-09-25,USMA,2018-03-12,Null,TELEFONICA MOVILES PANAMA- S.A.,1,0,1000
922027,Internal Control Analyst,https://gis.aiesec.org/v2/opportunities/922027,open,approved,GT,374,52,2018-11-30,2018-10-20,2019-10-20,USMA,2018-03-12,Business Administration,Sanofi Aventis,2,0,1300
921617,Digital marketing Panamá para niños- improve project,https://gis.aiesec.org/v2/opportunities/921617,open,unmatched,GV,10,6,2018-06-30,2018-07-15,2018-08-26,UTP,2018-03-11,Null,Panama,2,0,Null
919914,Ethics and Business Integrity,https://gis.aiesec.org/v2/opportunities/919914,open,realized,GT,67,77,2018-05-31,2018-04-30,2019-10-25,USMA,2018-03-10,Null,Sanofi Aventis,1,0,1300
919611,Supply Planning,https://gis.aiesec.org/v2/opportunities/919611,open,realized,GT,36,25,2018-04-30,2018-04-02,2018-09-28,USMA,2018-03-09,Null,Sanofi Aventis,1,0,1300
918893,Jungle Growth Investigator,https://gis.aiesec.org/v2/opportunities/918893,open,unmatched,GE,9,9,2018-05-30,2018-06-05,2018-08-07,USMA,2018-03-08,Other,Universo Selva,1,1,0
918868,Sustainability Research Director,https://gis.aiesec.org/v2/opportunities/918868,open,unmatched,GE,21,9,2018-05-30,2018-06-06,2018-08-08,USMA,2018-03-08,Business Administration,Universo Selva,1,1,0
918728,Graphic Art Design,https://gis.aiesec.org/v2/opportunities/918728,draft,draft,GE,0,8,2018-07-20,2018-08-05,2018-10-06,USMA,2018-03-08,Null,Universo Selva,1,1,0
913101,Soporte Administrativo y Financiero,https://gis.aiesec.org/v2/opportunities/913101,removed,removed,GT,238,26,2018-06-30,2018-07-03,2019-01-03,USMA,2018-03-02,Null,Fresenius Medical Care,1,0,1500
913088,Asistencia de Gerencia,https://gis.aiesec.org/v2/opportunities/913088,open,unmatched,GT,165,23,2018-04-19,2018-04-23,2018-10-01,USMA,2018-03-02,Null,Fresenius Medical Care,1,1,1200
912314,Comprehensive Planning Assistant,https://gis.aiesec.org/v2/opportunities/912314,removed,removed,GT,258,26,2018-05-31,2018-05-15,2018-11-13,USMA,2018-03-01,Null,Belcorp,1,1,1400
911988,Marketing trainee - RDT,https://gis.aiesec.org/v2/opportunities/911988,open,realized,GT,108,52,2018-05-10,2018-04-02,2019-04-01,UTP,2018-03-01,Null,NOVARTIS FARMACEUTICA,1,0,1200
911796,IMPROVE - Digital Marketing,https://gis.aiesec.org/v2/opportunities/911796,open,realized,GV,18,7,2018-06-16,2018-06-15,2018-08-06,CHIRIQUI,2018-03-01,Null,Asociación Nueva Vida,1,0,Null
911633,External Relations - F. Palabra y Poder - Improve Project,https://gis.aiesec.org/v2/opportunities/911633,open,unmatched,GV,11,6,2018-05-26,2018-06-09,2018-07-21,UTP,2018-02-28,Null,Panama,2,1,Null
911564,Digital Marketing - F. Palabra y Poder - Improve Project,https://gis.aiesec.org/v2/opportunities/911564,open,completed,GV,3,6,2018-05-25,2018-06-08,2018-07-20,UTP,2018-02-28,Null,Panama,1,0,Null
911551,Analista de Mercado,https://gis.aiesec.org/v2/opportunities/911551,open,unmatched,GT,164,26,2018-10-31,2018-10-15,2019-04-15,UTP,2018-02-28,Marketing,JCDecaux Panamá,2,1,1000
911506,Fundación Palabra y Poder - Impulse Project,https://gis.aiesec.org/v2/opportunities/911506,open,unmatched,GV,13,6,2018-05-31,2018-06-08,2018-07-20,UTP,2018-02-28,Null,Panama,8,3,Null
910843,Financial Analysis,https://gis.aiesec.org/v2/opportunities/910843,open,realized,GT,143,77,2018-07-16,2018-07-02,2019-12-27,UTP,2018-02-27,Business Administration,DELL Panama- S.A.,3,0,1200
907499,Datacenter Solutions Sales Assistant,https://gis.aiesec.org/v2/opportunities/907499,open,approved,GT,163,77,2018-10-19,2018-10-20,2020-04-15,UTP,2018-02-21,Information Technology,DELL Panama- S.A.,4,0,1200
906452,Channel Marketing Analyst,https://gis.aiesec.org/v2/opportunities/906452,open,realized,GT,36,77,2018-04-30,2018-04-09,2019-10-04,UTP,2018-02-20,Null,DELL Panama- S.A.,1,0,1200
906232,Asuntos Regulatorios DRA,https://gis.aiesec.org/v2/opportunities/906232,open,realized,GT,37,74,2018-03-27,2018-03-27,2019-08-31,USMA,2018-02-19,Null,Fresenius Medical Care,1,0,1500
905027,Marketing and communication - IMPROVE,https://gis.aiesec.org/v2/opportunities/905027,open,realized,GV,11,6,2018-06-04,2018-06-18,2018-07-30,UP (University of Panama),2018-02-17,Null,FUNSINCOPA (Fundación Sinfonica de Panamá),1,0,Null
904980,Fundraising - IMPROVE,https://gis.aiesec.org/v2/opportunities/904980,open,unmatched,GV,4,6,2018-04-21,2018-04-30,2018-06-11,UP (University of Panama),2018-02-17,Null,FUNSINCOPA (Fundación Sinfonica de Panamá),1,1,Null
904960,Digital Marketing  - Improve Project,https://gis.aiesec.org/v2/opportunities/904960,open,realized,GV,10,6,2018-07-01,2018-07-14,2018-08-25,UTP,2018-02-17,Null,Pro Niños del Darién,1,0,Null
904935,Event Management -IMPROVE,https://gis.aiesec.org/v2/opportunities/904935,open,unmatched,GV,6,6,2018-06-03,2018-06-18,2018-07-30,UP (University of Panama),2018-02-16,Null,FUNSINCOPA (Fundación Sinfonica de Panamá),1,1,Null
904915,English Professor C. Educativo Supérate - Impulse Project,https://gis.aiesec.org/v2/opportunities/904915,open,unmatched,GV,9,6,2018-05-28,2018-06-09,2018-07-21,UTP,2018-02-16,Null,Fundación Alberto Motta,2,1,Null
904371,Webpage design and development -,https://gis.aiesec.org/v2/opportunities/904371,open,unmatched,GV,5,6,2018-04-21,2018-04-30,2018-06-11,UP (University of Panama),2018-02-15,Null,FUNSINCOPA (Fundación Sinfonica de Panamá),1,1,Null
903948,Administrative Assistant - Improve Projetc,https://gis.aiesec.org/v2/opportunities/903948,removed,removed,GV,11,7,2018-03-31,2018-04-02,2018-05-26,UTP,2018-02-15,Null,Panama,2,2,Null
903656,Process Analyst Project,https://gis.aiesec.org/v2/opportunities/903656,open,unmatched,GT,10,25,2018-02-28,2018-02-15,2018-08-15,USMA,2018-02-14,Null,TELEFONICA MOVILES PANAMA- S.A.,1,1,1000
903643,Inventory and Demand Planning support intern,https://gis.aiesec.org/v2/opportunities/903643,open,unmatched,GT,137,26,2018-05-17,2018-05-01,2018-11-01,USMA,2018-02-14,Null,HILTI,1,1,1000
903506,Digital Marketing IPANDETEC - Improve Project,https://gis.aiesec.org/v2/opportunities/903506,open,matched,GV,15,6,2018-06-10,2018-06-18,2018-07-30,UTP,2018-02-14,Null,Panamá,4,0,Null
901283,Internal Communications Specialist,https://gis.aiesec.org/v2/opportunities/901283,open,realized,GT,234,77,2018-04-30,2018-04-01,2019-09-27,BALBOA,2018-02-07,Null,Cervecería Nacional/SabMiller,1,0,1200
900965,Controlling Financial Planning & Analysis,https://gis.aiesec.org/v2/opportunities/900965,open,realized,GT,276,77,2018-07-15,2018-06-11,2019-12-06,USMA,2018-02-06,Business Administration,Sanofi Aventis,1,0,1300
900963,ORO PROJECT ADMIN,https://gis.aiesec.org/v2/opportunities/900963,draft,draft,GT,86,39,2018-03-14,2018-03-26,2018-12-26,USMA,2018-02-06,Null,HILTI,2,0,1100
900930,Marketing Trainee,https://gis.aiesec.org/v2/opportunities/900930,draft,draft,GT,139,77,2018-02-28,2018-03-15,2019-09-11,UTP,2018-02-06,Null,NOVARTIS,1,0,1200
900924,Talent Acquisition Analyst,https://gis.aiesec.org/v2/opportunities/900924,open,realized,GT,38,77,2018-03-31,2018-03-26,2019-09-20,UTP,2018-02-06,Null,DELL Panama- S.A.,1,0,1200
899185,Accounts Payable Intern,https://gis.aiesec.org/v2/opportunities/899185,open,realized,GT,71,13,2018-05-10,2018-03-26,2018-06-26,UTP,2018-02-02,Null,Adidas Latin America,1,0,1200
898845,HR Intern (Recruitment),https://gis.aiesec.org/v2/opportunities/898845,open,unmatched,GT,103,26,2018-02-28,2018-03-01,2018-09-01,USMA,2018-02-02,Null,HILTI,1,1,1300
897190,Integration Business Analyst,https://gis.aiesec.org/v2/opportunities/897190,open,unmatched,GT,85,20,2018-03-09,2018-03-16,2018-08-06,UTP,2018-01-24,Null,JCDecaux Panamá,1,1,1000
897031,Product/Brand Management Rx,https://gis.aiesec.org/v2/opportunities/897031,draft,draft,GT,52,77,2018-01-31,2018-02-19,2019-08-16,UTP,2018-01-23,Null,Glaxo Smith Kline,1,0,1200
897030,Diseñador Gráfico,https://gis.aiesec.org/v2/opportunities/897030,open,unmatched,GT,65,22,2018-05-22,2018-05-29,2018-11-05,UTP,2018-01-23,Null,JCDecaux Panamá,1,1,1000
896827,dg,https://gis.aiesec.org/v2/opportunities/896827,draft,draft,GT,0,25,2018-01-31,2018-02-01,2018-08-01,UTP,2018-01-22,Null,JCDecaux Panamá,1,1,Null
896811,Graphic Designer,https://gis.aiesec.org/v2/opportunities/896811,open,realized,GT,6,25,2018-01-31,2018-02-12,2018-08-10,UTP,2018-01-22,Null,JCDecaux Panamá,1,0,1000
896458,Marketing and Graphic Design Intern,https://gis.aiesec.org/v2/opportunities/896458,open,realized,GT,82,25,2018-02-15,2018-02-15,2018-08-15,USMA,2018-01-20,Null,HILTI,1,0,1000
896192,Financial Analysis Sr. Analyst,https://gis.aiesec.org/v2/opportunities/896192,draft,draft,GT,152,77,2018-04-30,2018-02-19,2019-08-16,UTP,2018-01-18,Null,DELL Panama- S.A.,1,0,1200
896027,Marketing Coordinator,https://gis.aiesec.org/v2/opportunities/896027,open,realized,GT,312,46,2018-03-22,2018-03-29,2019-02-14,UTP,2018-01-17,Null,Maersk Line,1,0,1200
895673,Marketing Trainnee,https://gis.aiesec.org/v2/opportunities/895673,open,realized,GT,116,74,2018-03-28,2018-04-01,2019-09-06,UTP,2018-01-16,Null,NOVARTIS FARMACEUTICA,1,0,1200
894360,Project Catalyst,https://gis.aiesec.org/v2/opportunities/894360,open,realized,GE,13,9,2018-05-31,2018-06-02,2018-08-05,USMA,2018-01-05,Null,Fundación Ideas Maestras,1,0,100
894029,Business Development Intern LAN,https://gis.aiesec.org/v2/opportunities/894029,open,unmatched,GT,173,47,2018-01-24,2018-02-02,2018-12-31,USMA,2018-01-03,Null,syngenta,1,1,1500
891119,English Instructor and Coordinator,https://gis.aiesec.org/v2/opportunities/891119,draft,draft,GT,97,77,2018-03-31,2018-04-16,2019-10-11,UTP,2017-12-16,Null,DELL Panama- S.A.,1,0,1200
891101,Portuguese Instructor and Coordinator,https://gis.aiesec.org/v2/opportunities/891101,draft,draft,GT,115,77,2018-03-31,2018-04-16,2019-10-11,UTP,2017-12-15,Null,DELL Panama- S.A.,1,0,1200
890524,Compensation and Benefits Analyst,https://gis.aiesec.org/v2/opportunities/890524,draft,draft,GT,76,77,2018-01-31,2018-03-26,2019-09-20,UTP,2017-12-13,Null,DELL Panama- S.A.,1,1,1200
888503,Business Excellence Analyst,https://gis.aiesec.org/v2/opportunities/888503,open,realized,GT,161,51,2018-01-31,2018-01-08,2019-01-04,USMA,2017-12-05,Null,Sanofi Aventis,1,0,1300
888247,Executive AssistanT / HR Assistant,https://gis.aiesec.org/v2/opportunities/888247,draft,draft,GT,111,26,2018-01-31,2018-02-08,2018-08-09,UTP,2017-12-04,Null,Fresenius Medical Care,1,1,1300
887623,Pricing & Product Marketing,https://gis.aiesec.org/v2/opportunities/887623,draft,draft,GT,4,77,2017-12-31,2018-01-08,2019-07-05,UTP,2017-12-01,Null,DELL Panama- S.A.,1,0,1200
887312,Product Marketing Analyst,https://gis.aiesec.org/v2/opportunities/887312,draft,draft,GT,175,77,2018-02-01,2018-01-15,2019-07-12,UTP,2017-11-30,Null,DELL Panama- S.A.,1,0,1200
883809,Project Management Operations Intern,https://gis.aiesec.org/v2/opportunities/883809,open,realized,GT,200,52,2017-12-31,2018-01-16,2019-01-16,USMA,2017-11-20,Null,HILTI,1,0,1200
883073,Change Management & Communications assistant,https://gis.aiesec.org/v2/opportunities/883073,open,realized,GT,87,26,2017-12-15,2018-02-05,2018-08-10,USMA,2017-11-18,Null,Sanofi Aventis,1,0,1300
882786,Marketing Coordinator,https://gis.aiesec.org/v2/opportunities/882786,draft,draft,GT,96,48,2018-04-28,2018-01-22,2018-12-28,UTP,2017-11-17,Null,Janssen,1,0,1200
882508,Improve Panama - Graphic Designer,https://gis.aiesec.org/v2/opportunities/882508,draft,draft,GE,3,13,2018-07-31,2018-06-04,2018-09-09,USMA,2017-11-16,Null,Canal de Empresarias,1,0,0
882505,Improve Panama - IT,https://gis.aiesec.org/v2/opportunities/882505,draft,draft,GE,3,13,2019-07-31,2018-06-03,2018-09-08,USMA,2017-11-16,Null,Canal de Empresarias,1,0,0
882497,Improve Panama - Marketing,https://gis.aiesec.org/v2/opportunities/882497,draft,draft,GE,2,14,2019-07-31,2018-06-03,2018-09-09,USMA,2017-11-16,Null,Canal de Empresarias,1,0,0
882441,Improve Panama - Sales,https://gis.aiesec.org/v2/opportunities/882441,draft,draft,GE,1,14,2019-07-31,2018-06-03,2018-09-09,USMA,2017-11-16,Null,Canal de Empresarias,1,0,0
882436,Improve Panama - Customer Service,https://gis.aiesec.org/v2/opportunities/882436,draft,draft,GE,1,14,2019-07-31,2018-06-03,2018-09-09,USMA,2017-11-16,Null,Canal de Empresarias,1,0,0
880409,Customer Marketing Support,https://gis.aiesec.org/v2/opportunities/880409,open,realized,GT,252,48,2018-03-15,2018-01-15,2018-12-18,USMA,2017-11-09,Null,MARS Panama,1,0,1250
880272,Treasury analyst,https://gis.aiesec.org/v2/opportunities/880272,draft,draft,GT,165,26,2018-03-31,2018-03-16,2018-09-14,UTP,2017-11-09,Null,NESTLE,1,0,1200
880196,HR Intern,https://gis.aiesec.org/v2/opportunities/880196,open,realized,GT,94,25,2018-01-20,2018-02-01,2018-08-01,USMA,2017-11-09,Null,HILTI,1,0,1300
879915,Programmer C + + (3D),https://gis.aiesec.org/v2/opportunities/879915,open,open,GE,36,14,2019-05-31,2018-06-03,2018-09-09,USMA,2017-11-08,Null,Hauzd,1,1,0
877002,Store Manager,https://gis.aiesec.org/v2/opportunities/877002,draft,draft,GT,186,48,2018-02-19,2018-02-26,2019-02-01,USMA,2017-10-27,Null,INDITEX,1,1,1200
876098,Software Development Intern,https://gis.aiesec.org/v2/opportunities/876098,draft,draft,GE,51,8,2018-12-31,2019-01-07,2019-03-08,USMA,2017-10-24,Null,Wolftrip,1,1,0
875022,Legal Assistant LATAM,https://gis.aiesec.org/v2/opportunities/875022,draft,draft,GT,57,77,2018-04-30,2018-04-23,2019-10-18,UTP,2017-10-20,Null,DELL Panama- S.A.,1,0,1200
874768,Talent Acquisition Support,https://gis.aiesec.org/v2/opportunities/874768,removed,removed,GT,414,55,2018-03-31,2018-04-09,2019-05-03,USMA,2017-10-19,Null,Sanofi Aventis,1,1,1300
874556,Especialista de Promociones,https://gis.aiesec.org/v2/opportunities/874556,draft,draft,GT,96,26,2018-02-28,2018-03-16,2018-09-15,UTP,2017-10-18,Null,NESTLE,1,0,1200
873247,Marketing Coordinator,https://gis.aiesec.org/v2/opportunities/873247,open,unmatched,GT,205,52,2017-12-01,2017-12-01,2018-12-01,UTP,2017-10-12,Null,MSD Central America & The Caribbean,1,1,1000
872431,Social Media and Public Relation Trainee,https://gis.aiesec.org/v2/opportunities/872431,open,unmatched,GE,66,14,2018-05-31,2018-06-03,2018-09-09,USMA,2017-10-10,Null,SL Estudio de Comunicación,2,2,0
870149,Functioning Support,https://gis.aiesec.org/v2/opportunities/870149,open,completed,GV,5,6,2017-11-26,2017-12-04,2018-01-15,UTP,2017-09-29,Null,Fundación Ayudando  a Vivir,1,0,Null
870137,Functioning Support- Second round,https://gis.aiesec.org/v2/opportunities/870137,open,unmatched,GV,6,6,2018-01-08,2018-01-15,2018-02-26,UTP,2017-09-29,Null,Fundación Ayudando  a Vivir,1,1,Null
869986,English tutor for children- Second round,https://gis.aiesec.org/v2/opportunities/869986,open,matched,GV,6,6,2018-01-07,2018-01-15,2018-02-26,UTP,2017-09-29,Null,Fundación Ayudando  a Vivir,1,0,Null
869984,English tutor for children,https://gis.aiesec.org/v2/opportunities/869984,open,matched,GV,2,6,2017-11-27,2017-12-04,2018-01-15,UTP,2017-09-29,Null,Fundación Ayudando  a Vivir,1,0,Null
869944,Sales & Marketing Assistant,https://gis.aiesec.org/v2/opportunities/869944,open,realized,GT,166,52,2017-12-09,2018-01-15,2019-01-18,UTP,2017-09-28,Null,DELL Panama- S.A.,1,0,1200
869917,Assistant of Selina,https://gis.aiesec.org/v2/opportunities/869917,draft,draft,GE,2,11,2017-12-31,2017-11-01,2018-01-19,USMA,2017-09-28,Null,Selina Hostels,1,0,Null
869877,Marketing Support,https://gis.aiesec.org/v2/opportunities/869877,open,realized,GT,134,26,2017-10-31,2017-10-23,2018-04-27,USMA,2017-09-28,Null,Sanofi Aventis,1,0,1300
869695,Public Relations,https://gis.aiesec.org/v2/opportunities/869695,draft,draft,GV,3,6,2018-01-07,2018-01-14,2018-02-25,UTP,2017-09-28,Null,Ayudando a vivir,1,0,Null
869693,Screen Printing Management - Impulse Project,https://gis.aiesec.org/v2/opportunities/869693,open,unmatched,GV,3,6,2018-01-06,2018-01-14,2018-02-25,UTP,2017-09-28,Null,Ayudando a vivir,1,1,Null
869179,Screen Printing Management - Impulse Project,https://gis.aiesec.org/v2/opportunities/869179,open,unmatched,GV,3,6,2017-11-26,2017-12-03,2018-01-14,UTP,2017-09-26,Null,Ayudando a vivir,1,1,Null
869178,Art and Culture - Impulse Project,https://gis.aiesec.org/v2/opportunities/869178,open,unmatched,GV,16,6,2018-01-08,2018-01-13,2018-02-24,UTP,2017-09-26,Null,Fundación Olga Sinclair,3,3,Null
869168,Break the Chain - Impulse Project,https://gis.aiesec.org/v2/opportunities/869168,draft,draft,GV,3,6,2018-01-10,2018-01-15,2018-02-26,UTP,2017-09-26,Null,Centro de apoyo a la mujer maltratada,2,2,Null
869062,Financial Analyst,https://gis.aiesec.org/v2/opportunities/869062,draft,draft,GT,145,18,2017-11-30,2017-11-30,2018-04-06,UTP,2017-09-25,Null,DELL Panama- S.A.,1,1,1200
868901,Dynamic Development Manager - Impulse Project,https://gis.aiesec.org/v2/opportunities/868901,open,unmatched,GV,6,6,2018-01-07,2018-01-14,2018-02-25,UTP,2017-09-24,Null,Centro de Alcance - Las 500,1,1,Null
868434,Public Relations,https://gis.aiesec.org/v2/opportunities/868434,open,completed,GV,8,6,2017-12-01,2017-12-04,2018-01-15,UTP,2017-09-23,Null,Ayudando a vivir,1,0,Null
868422,Technology for Children - Impulse Project,https://gis.aiesec.org/v2/opportunities/868422,open,realized,GV,2,6,2018-01-07,2018-01-14,2018-02-25,UTP,2017-09-23,Null,Centro de Alcance - Las 500,2,0,Null
868392,Sales Support Assistant,https://gis.aiesec.org/v2/opportunities/868392,draft,draft,GT,423,72,2018-02-28,2018-02-19,2019-07-12,UTP,2017-09-22,Null,DELL Panama- S.A.,1,1,1200
868357,Talent Adquisition,https://gis.aiesec.org/v2/opportunities/868357,open,unmatched,GT,190,46,2017-11-30,2017-11-30,2018-10-19,UTP,2017-09-22,Null,Janssen,1,1,1200
868148,Social community education - IMPULSE project,https://gis.aiesec.org/v2/opportunities/868148,open,unmatched,GV,1,6,2018-01-08,2018-01-15,2018-02-26,UTP,2017-09-21,Null,MUVA,4,4,Null
868083,Sales Assistant,https://gis.aiesec.org/v2/opportunities/868083,open,realized,GT,34,52,2017-09-30,2017-10-02,2018-10-05,UTP,2017-09-21,Null,DELL Panama- S.A.,1,0,1200
867837,Project Manager- Improve Project (January 22th),https://gis.aiesec.org/v2/opportunities/867837,draft,draft,GV,14,6,2018-03-31,2018-01-22,2018-03-08,UP (University of Panama),2017-09-20,Null,AIESEC en UP - Panama,1,1,Null
867712,Down's Syndrome Support Volunteer- IMPULSE Project,https://gis.aiesec.org/v2/opportunities/867712,open,unmatched,GV,5,6,2018-03-31,2018-01-22,2018-03-07,UP (University of Panama),2017-09-20,Null,AIESEC en UP - Panama,4,3,Null
867571,Sales Support Assistant,https://gis.aiesec.org/v2/opportunities/867571,open,realized,GT,34,52,2017-10-10,2017-10-31,2018-10-31,UTP,2017-09-19,Null,DELL Panama- S.A.,1,0,1200
867533,Desicion Support Specialist,https://gis.aiesec.org/v2/opportunities/867533,open,realized,GT,65,50,2017-10-09,2017-10-16,2018-10-02,UTP,2017-09-19,Null,NESTLE,1,0,1200
867285,G4s Way of Selling PM,https://gis.aiesec.org/v2/opportunities/867285,open,realized,GT,72,52,2017-11-30,2017-12-19,2018-12-19,USMA,2017-09-18,Null,G4S Interativa Service,1,0,1200
866549,Communications LATAM,https://gis.aiesec.org/v2/opportunities/866549,open,realized,GT,91,77,2017-11-30,2017-12-01,2019-05-30,USMA,2017-09-14,Null,Sanofi Aventis,1,0,1300
866333,Marketing Specialist,https://gis.aiesec.org/v2/opportunities/866333,open,realized,GT,126,20,2017-10-23,2017-11-16,2018-04-06,UTP,2017-09-13,Null,NESTLE,1,0,1200
866331,prueba,https://gis.aiesec.org/v2/opportunities/866331,draft,draft,GT,0,None,2017-09-23,Null,Null,USMA,2017-09-13,Null,DELL,1,1,Null
866003,Supply Chain Intern,https://gis.aiesec.org/v2/opportunities/866003,draft,draft,GT,214,35,2017-10-08,2017-10-03,2018-06-09,UTP,2017-09-11,Null,NOVARTIS,1,0,1200
865266,Financial Analysis Intern,https://gis.aiesec.org/v2/opportunities/865266,open,unmatched,GT,202,18,2017-11-30,2017-12-01,2018-04-07,UTP,2017-09-08,Null,DELL Panama- S.A.,1,1,1200
865253,CULTURAL MANAGER - IMPULSE PROJECT,https://gis.aiesec.org/v2/opportunities/865253,open,unmatched,GV,16,6,2018-01-08,2018-01-15,2018-02-28,UTP,2017-09-08,Null,FANLYC,6,4,Null
865227,HR Coordinator,https://gis.aiesec.org/v2/opportunities/865227,open,unmatched,GT,61,32,2017-11-30,2017-10-15,2018-05-30,UTP,2017-09-08,Null,Maersk Line,1,1,1500
865108,Digital & Web Content Intern,https://gis.aiesec.org/v2/opportunities/865108,open,unmatched,GT,227,26,2018-03-31,2018-04-02,2018-10-02,USMA,2017-09-08,Null,HILTI,1,1,950
865107,Trade Marketing Intern,https://gis.aiesec.org/v2/opportunities/865107,open,realized,GT,73,26,2017-09-30,2017-10-18,2018-04-18,USMA,2017-09-08,Null,HILTI,1,0,950
864951,NOLA Trade Marketing Intern,https://gis.aiesec.org/v2/opportunities/864951,open,unmatched,GT,71,24,2017-09-22,2017-09-26,2018-03-17,UTP,2017-09-07,Null,DELL Panama- S.A.,1,1,1200
864877,Accounting Assistant,https://gis.aiesec.org/v2/opportunities/864877,open,realized,GT,63,25,2017-09-30,2017-11-01,2018-05-01,UTP,2017-09-06,Null,Robert Bosch Panama,1,0,1100
864446,nn,https://gis.aiesec.org/v2/opportunities/864446,draft,draft,GT,0,26,2017-09-12,2017-09-18,2018-03-19,UTP,2017-09-05,Null,BOSCH,1,1,1100
864249,Accounting Assistant,https://gis.aiesec.org/v2/opportunities/864249,draft,draft,GT,0,None,Null,Null,Null,UTP,2017-09-04,Null,BOSCH,1,1,Null
864076,Family Promoter Volunteer - IMPULSE Project,https://gis.aiesec.org/v2/opportunities/864076,open,unmatched,GV,12,6,2017-11-30,2017-12-12,2018-01-23,UP (University of Panama),2017-09-02,Null,AIESEC en UP - Panama,3,2,Null
864070,External Relations Manager- IMPROVE Project (December 12th),https://gis.aiesec.org/v2/opportunities/864070,draft,draft,GV,5,6,2018-06-20,2018-07-11,2018-08-23,UP (University of Panama),2017-09-02,Null,AIESEC en UP - Panama,1,0,Null
864012,Finance assistant,https://gis.aiesec.org/v2/opportunities/864012,open,realized,GT,102,26,2017-09-30,2017-10-02,2018-04-02,UTP,2017-09-02,Null,Janssen,1,0,1300
863954,Accountability Assistant,https://gis.aiesec.org/v2/opportunities/863954,draft,draft,GT,73,39,2017-12-02,2017-10-02,2018-07-02,UTP,2017-09-01,Null,Janssen,1,1,1300
863876,Talent Capacity Manager- Improve Project (December 12th),https://gis.aiesec.org/v2/opportunities/863876,open,completed,GV,3,6,2017-11-30,2017-12-12,2018-01-23,UP (University of Panama),2017-09-01,Null,AIESEC en UP - Panama,1,0,Null
863840,Marketing Trainee Franquicia Oftalmologia - Retina,https://gis.aiesec.org/v2/opportunities/863840,open,unmatched,GT,82,49,2017-09-30,2017-10-01,2018-09-11,UTP,2017-09-01,Null,Novartis Caribe- S.A.,1,1,1000
863799,Human Resources Leadership Development,https://gis.aiesec.org/v2/opportunities/863799,open,realized,GT,89,77,2017-09-15,2017-09-21,2019-03-20,USMA,2017-08-31,Null,Sanofi Aventis,1,0,1300
863786,Legal assistant,https://gis.aiesec.org/v2/opportunities/863786,open,unmatched,GT,42,45,2017-12-31,2017-11-20,2018-10-01,UTP,2017-08-31,Null,DELL Panama- S.A.,2,1,1200
862131,Sales,https://gis.aiesec.org/v2/opportunities/862131,draft,draft,GE,13,17,2018-01-31,2017-10-01,2018-01-31,USMA,2017-08-20,Null,Selina Hostels,1,1,Null
862008,Researcher Coordinator,https://gis.aiesec.org/v2/opportunities/862008,draft,draft,GE,13,17,2018-01-31,2017-10-01,2018-01-31,USMA,2017-08-18,Null,Selina Hostels,1,1,Null
861907,Digital Marketing Manager- IMPROVE Project (January 22th),https://gis.aiesec.org/v2/opportunities/861907,open,unmatched,GV,13,6,2017-12-31,2018-01-22,2018-03-07,UP (University of Panama),2017-08-17,Null,AIESEC en UP - Panama,2,2,Null
861900,Operation Travel Assistant,https://gis.aiesec.org/v2/opportunities/861900,draft,draft,GE,0,13,2017-12-31,2017-09-05,2017-12-05,USMA,2017-08-17,Null,Selina Hostels,1,1,Null
861897,Gastronomic Practitioner,https://gis.aiesec.org/v2/opportunities/861897,open,unmatched,GE,2,17,2017-12-31,2017-10-01,2018-01-31,USMA,2017-08-17,Null,Selina Hostels,4,4,Null
861896,Tours,https://gis.aiesec.org/v2/opportunities/861896,open,unmatched,GE,9,17,2017-12-31,2017-10-01,2018-01-31,USMA,2017-08-17,Null,Selina Hostels,4,4,Null
861895,Marketing & Events,https://gis.aiesec.org/v2/opportunities/861895,draft,draft,GE,16,17,2017-12-31,2017-10-01,2018-01-31,USMA,2017-08-17,Null,Selina Hostels,4,4,Null
861893,Front Office,https://gis.aiesec.org/v2/opportunities/861893,open,unmatched,GE,9,17,2017-12-31,2017-10-01,2018-01-31,USMA,2017-08-17,Null,Selina Hostels,4,4,Null
861882,F&B,https://gis.aiesec.org/v2/opportunities/861882,open,unmatched,GE,5,17,2017-12-31,2017-10-01,2018-01-31,USMA,2017-08-17,Null,Selina Hostels,4,4,0
861878,Talent Capacity Manager- Improve Project (January 22th),https://gis.aiesec.org/v2/opportunities/861878,draft,draft,GV,9,6,2018-03-31,2018-01-22,2018-03-07,UP (University of Panama),2017-08-17,Null,AIESEC en UP - Panama,2,0,Null
861872,External Relations Manager- IMPROVE Project (January 22th),https://gis.aiesec.org/v2/opportunities/861872,open,unmatched,GV,6,6,2018-02-28,2018-01-22,2018-03-07,UP (University of Panama),2017-08-17,Null,AIESEC en UP - Panama,3,2,Null
861809,Marketing Trainee August 2,https://gis.aiesec.org/v2/opportunities/861809,open,realized,GT,129,51,2017-09-22,2017-09-05,2018-09-01,UTP,2017-08-17,Null,Novartis Caribe- S.A.,1,0,1000
861622,IT Coordinator,https://gis.aiesec.org/v2/opportunities/861622,open,unmatched,GT,60,26,2017-09-30,2017-10-01,2018-04-01,USMA,2017-08-16,Null,QUALA,1,1,1600
861549,Graphic Designer,https://gis.aiesec.org/v2/opportunities/861549,open,open,GT,142,26,2018-11-30,2018-10-14,2019-04-14,USMA,2017-08-16,Marketing,Latam Digital Marketing,1,1,1000
861496,Financial Planning Specialist,https://gis.aiesec.org/v2/opportunities/861496,open,unmatched,GT,215,26,2017-12-15,2018-01-08,2018-07-09,USMA,2017-08-15,Null,QUALA,1,1,1600
861492,Marketing Trainee August,https://gis.aiesec.org/v2/opportunities/861492,draft,draft,GT,0,52,2017-09-15,2017-09-15,2018-09-14,UTP,2017-08-15,Null,NOVARTIS,1,1,Null
861488,Financial Planning Analyst,https://gis.aiesec.org/v2/opportunities/861488,draft,draft,GT,150,26,2018-08-01,2018-08-07,2019-02-09,USMA,2017-08-15,Null,QUALA,1,0,1200
861402,Analista de Asuntos Regulatorios,https://gis.aiesec.org/v2/opportunities/861402,open,realized,GT,27,73,2017-10-31,2017-10-24,2019-03-25,UTP,2017-08-15,Null,Janssen,1,0,1200
861400,Finance assistant,https://gis.aiesec.org/v2/opportunities/861400,open,realized,GT,86,52,2017-09-15,2017-09-19,2018-09-19,USMA,2017-08-15,Null,SANOFI AVENTIS,1,0,1300
861341,Asistente de Dirección de Marketing,https://gis.aiesec.org/v2/opportunities/861341,open,realized,GT,25,52,2017-08-21,2017-08-16,2018-08-16,UTP,2017-08-14,Null,JCDECAUX,1,0,1000
861020,Sales Assistant,https://gis.aiesec.org/v2/opportunities/861020,open,realized,GT,141,25,2017-09-13,2017-09-08,2018-03-08,UTP,2017-08-12,Null,DELL Panama- S.A.,1,0,1200
860811,Project Manager- IMPROVE Project (January 8th),https://gis.aiesec.org/v2/opportunities/860811,open,unmatched,GV,12,6,2017-12-31,2018-01-08,2018-02-22,UP (University of Panama),2017-08-10,Null,AIESEC en UP - Panama,2,2,Null
860787,Digital Marketing Manager- IMPROVE Project (January 8 th),https://gis.aiesec.org/v2/opportunities/860787,open,unmatched,GV,10,6,2017-12-31,2018-01-08,2018-02-21,UP (University of Panama),2017-08-10,Null,AIESEC en UP - Panama,3,3,Null
860001,External Relations Manager- IMPROVE Project (January 8th),https://gis.aiesec.org/v2/opportunities/860001,draft,draft,GV,8,6,2017-12-31,2018-01-08,2018-02-21,UP (University of Panama),2017-08-03,Null,AIESEC en UP - Panama,3,2,Null
859997,Analista de Finanza,https://gis.aiesec.org/v2/opportunities/859997,open,realized,GT,37,52,2017-08-31,2017-08-16,2018-08-15,UTP,2017-08-03,Null,Robert Bosch Panama,1,0,1100
859277,Medical Trainee August,https://gis.aiesec.org/v2/opportunities/859277,draft,draft,GT,16,27,2017-08-16,2017-09-12,2018-03-21,UTP,2017-07-28,Null,NOVARTIS,1,0,1000
859136,amigos globales,https://gis.aiesec.org/v2/opportunities/859136,draft,draft,GV,0,None,2017-11-30,Null,Null,VIRTUAL EXPANSIONS PANAMA,2017-07-27,Null,UTP,7,7,Null
859032,Financial analyst,https://gis.aiesec.org/v2/opportunities/859032,draft,draft,GT,45,52,2017-07-31,2017-08-07,2018-08-10,UTP,2017-07-26,Null,BOSCH,1,1,1100
858750,Online Marketing Advisor,https://gis.aiesec.org/v2/opportunities/858750,open,realized,GT,193,51,2017-10-01,2017-10-23,2018-10-17,UTP,2017-07-25,Null,DELL,1,0,1200
856900,Marketing Coordinator,https://gis.aiesec.org/v2/opportunities/856900,draft,draft,GT,1,52,2017-07-16,2017-07-27,2018-07-27,UTP,2017-07-13,Null,Janssen,1,0,1200
856616,Integration Business Analyst,https://gis.aiesec.org/v2/opportunities/856616,open,realized,GT,138,26,2017-08-14,2017-08-21,2018-02-21,UTP,2017-07-11,Null,JCDECAUX,1,0,1000
856599,Integration Business Analyst.,https://gis.aiesec.org/v2/opportunities/856599,draft,draft,GT,0,26,Null,2017-08-21,2018-02-21,UTP,2017-07-11,Null,JCDECAUX,1,1,Null
856565,Accounting sr. analyst,https://gis.aiesec.org/v2/opportunities/856565,open,realized,GT,27,52,2017-08-05,2017-07-31,2018-08-04,UTP,2017-07-11,Null,DELL,1,0,1200
856564,Accounting Sr.Analyst,https://gis.aiesec.org/v2/opportunities/856564,draft,draft,GT,0,52,2017-08-05,2017-07-31,2018-08-04,UTP,2017-07-11,Null,DELL,1,1,Null
856176,Sales Assistant,https://gis.aiesec.org/v2/opportunities/856176,open,unmatched,GT,406,52,2017-09-12,2017-09-30,2018-09-30,UTP,2017-07-07,Null,DELL,2,1,1200
855832,Graphic designer,https://gis.aiesec.org/v2/opportunities/855832,open,realized,GT,42,26,2017-07-28,2017-07-24,2018-01-28,UTP,2017-07-04,Null,JCDECAUX,1,0,1000
854468,Communications PAC,https://gis.aiesec.org/v2/opportunities/854468,draft,draft,GT,84,26,2017-07-31,2017-07-31,2018-02-03,USMA,2017-06-26,Null,SANOFI AVENTIS,1,0,1300
853906,Proyect Management1,https://gis.aiesec.org/v2/opportunities/853906,draft,draft,GT,108,78,2018-12-29,2018-11-29,2020-05-29,USMA,2017-06-21,Business Administration,BIMBO Panama,1,0,1200
853704,Fitness and Events Reebok Intern,https://gis.aiesec.org/v2/opportunities/853704,draft,draft,GT,260,20,2017-08-24,2017-09-09,2018-02-02,UTP,2017-06-19,Null,Adidas Latin America,1,0,Null
853432,Fitness and Events Intern,https://gis.aiesec.org/v2/opportunities/853432,draft,draft,GT,0,20,2017-08-25,2017-09-09,2018-02-02,UTP,2017-06-16,Null,Adidas Latin America,1,1,1200
852975,Consumer Experience Marketing Intern,https://gis.aiesec.org/v2/opportunities/852975,open,realized,GT,221,52,2017-07-31,2017-08-15,2018-08-15,UTP,2017-06-14,Null,Adidas Latin America,1,0,1200
852765,Consumer Experience Marketing Intern,https://gis.aiesec.org/v2/opportunities/852765,draft,draft,GT,0,52,2017-07-25,2017-08-15,2018-08-15,UTP,2017-06-13,Null,Adidas Latin America,1,1,1200
852573,Finance Planning- Reporting- and Compliance Intern,https://gis.aiesec.org/v2/opportunities/852573,open,realized,GT,90,52,2017-08-14,2017-09-12,2018-09-12,UTP,2017-06-12,Null,GSK Panama,1,0,1200
852335,Procurement intern,https://gis.aiesec.org/v2/opportunities/852335,open,realized,GT,64,25,2017-06-30,2017-07-16,2018-01-10,UTP,2017-06-12,Null,MSD Central America & The Caribbean,1,0,1000
851307,Purchasing Intern,https://gis.aiesec.org/v2/opportunities/851307,open,completed,GT,305,28,2017-07-12,2017-07-16,2018-02-01,UTP,2017-06-06,Null,Adidas Latin America,1,0,1200
850326,Logistic Services Intern,https://gis.aiesec.org/v2/opportunities/850326,draft,draft,GT,0,None,2017-07-12,Null,Null,USMA,2017-06-01,Null,HILTI,1,1,Null
850034,Talent Acquisition Intern,https://gis.aiesec.org/v2/opportunities/850034,open,realized,GT,155,21,2017-06-22,2017-07-01,2017-12-01,UTP,2017-05-31,Null,Adidas Latin America,1,0,1200
849720,Communication Advisor,https://gis.aiesec.org/v2/opportunities/849720,open,unmatched,GT,421,56,2017-11-30,2017-12-01,2018-12-30,UTP,2017-05-29,Null,DELL,1,1,1200
849718,Communication Advisor,https://gis.aiesec.org/v2/opportunities/849718,draft,draft,GT,0,52,2017-06-19,2017-06-19,2018-06-22,UTP,2017-05-29,Null,DELL,1,1,Null
849686,Finance Assistant,https://gis.aiesec.org/v2/opportunities/849686,draft,draft,GT,265,52,2017-09-30,2017-10-01,2018-10-01,UTP,2017-05-29,Null,DELL SAS,1,1,1200
849679,Finance May,https://gis.aiesec.org/v2/opportunities/849679,open,realized,GT,156,26,2017-06-07,2017-06-13,2017-12-15,UTP,2017-05-29,Null,Philips Latin America,1,0,1200
849562,Supply Chian Trainee,https://gis.aiesec.org/v2/opportunities/849562,open,realized,GT,53,26,2017-06-05,2017-06-06,2017-12-08,UTP,2017-05-29,Null,Novartis,1,0,1000
848529,Channel Marketing Intern,https://gis.aiesec.org/v2/opportunities/848529,open,realized,GT,107,52,2017-05-31,2017-05-29,2018-06-02,UTP,2017-05-23,Null,DELL,1,0,1200
847940,Sales Support,https://gis.aiesec.org/v2/opportunities/847940,open,realized,GT,21,52,2017-05-25,2017-05-22,2018-05-26,UTP,2017-05-20,Null,DELL,1,0,1200
847722,Sales Support,https://gis.aiesec.org/v2/opportunities/847722,open,realized,GT,274,55,2017-09-30,2017-10-01,2018-10-26,UTP,2017-05-19,Null,DELL Panama- S.A.,1,0,1200
847273,Supply Chain,https://gis.aiesec.org/v2/opportunities/847273,draft,draft,GT,0,47,2017-05-31,2017-06-05,2018-04-30,UTP,2017-05-17,Null,Novartis Pharma Logistic- Inc.,1,1,1000
845532,Medical Operations Support,https://gis.aiesec.org/v2/opportunities/845532,draft,draft,GT,45,50,2017-06-21,2017-06-19,2018-06-09,USMA,2017-05-09,Null,Sanofi Aventis,1,0,1300
844641,Intern Marketing Operations adidas - GTM Process,https://gis.aiesec.org/v2/opportunities/844641,draft,draft,GT,146,46,2018-06-15,2017-05-15,2018-04-07,UTP,2017-05-06,Null,Adidas Latin America,1,0,1200
844622,Supply Chian Trainee,https://gis.aiesec.org/v2/opportunities/844622,open,unmatched,GT,140,52,2017-05-20,2017-05-30,2018-05-30,UTP,2017-05-06,Null,Novartis Pharma,1,1,1200
844299,NOLA Trade Marketing Intern,https://gis.aiesec.org/v2/opportunities/844299,open,realized,GT,69,52,2017-05-24,2017-05-29,2018-06-01,UTP,2017-05-05,Null,DELL,1,0,1200
843711,Sales Support,https://gis.aiesec.org/v2/opportunities/843711,removed,removed,GT,0,77,2017-05-21,2017-05-29,2018-11-24,UTP,2017-05-03,Null,Dell,1,1,1200
842204,Wholesale Marketing Intern,https://gis.aiesec.org/v2/opportunities/842204,open,realized,GT,240,52,2017-06-22,2017-06-19,2018-06-19,UTP,2017-04-28,Null,Adidas Latin America,1,0,1200
840221,Improve Panama - Accounting,https://gis.aiesec.org/v2/opportunities/840221,open,unmatched,GE,7,15,2017-05-09,2017-06-12,2017-09-30,USMA,2017-04-21,Null,Selina Hostels,2,2,Null
840213,Improve Panama - Customer Service,https://gis.aiesec.org/v2/opportunities/840213,open,unmatched,GE,7,15,2017-05-09,2017-06-12,2017-09-30,USMA,2017-04-21,Null,Tutorez,1,1,Null
840180,Finance Planning & Reporting Assistant,https://gis.aiesec.org/v2/opportunities/840180,open,realized,GT,326,52,2017-09-01,2017-09-11,2018-09-14,USMA,2017-04-20,Null,Sanofi Aventis,1,0,1300
839984,Business Development Intern,https://gis.aiesec.org/v2/opportunities/839984,open,realized,GT,67,7,2017-06-15,2017-05-23,2017-07-13,UTP,2017-04-20,Null,Adidas Latin America,1,0,1200
839724,Improve Panama - Marketing,https://gis.aiesec.org/v2/opportunities/839724,draft,draft,GE,0,11,2017-05-09,2017-06-12,2017-08-31,USMA,2017-04-19,Null,Canal de Empresarias,1,1,Null
839723,Supply Chain Data/Monitor Support,https://gis.aiesec.org/v2/opportunities/839723,open,realized,GT,118,77,2017-07-01,2017-07-03,2018-12-29,USMA,2017-04-19,Null,Sanofi Aventis,1,0,1300
838839,HR Analyst,https://gis.aiesec.org/v2/opportunities/838839,open,realized,GT,40,26,2017-04-30,2017-05-01,2017-11-01,UTP,2017-04-15,Null,Philips Latin America,1,0,1200
838304,Litigation Assistant,https://gis.aiesec.org/v2/opportunities/838304,open,unmatched,GT,93,77,2017-05-29,2017-05-29,2018-11-25,UTP,2017-04-13,Null,Dell,1,1,1200
838303,Litigation Assistant,https://gis.aiesec.org/v2/opportunities/838303,draft,draft,GT,0,77,2017-05-29,2017-05-29,2018-11-25,UTP,2017-04-13,Null,Dell,1,1,Null
838225,Business Intelligence Analyst,https://gis.aiesec.org/v2/opportunities/838225,open,realized,GT,99,77,2017-04-30,2017-05-29,2018-11-24,UTP,2017-04-12,Null,Dell,1,0,1200
837875,Agronomist Analyst for Harpy Eagle Reserve,https://gis.aiesec.org/v2/opportunities/837875,draft,draft,GV,0,6,2017-06-04,2017-06-05,2017-07-17,VIRTUAL EXPANSIONS PANAMA,2017-04-11,Null,ANCON,1,1,Null
837867,Monitor of Harpy Eagle,https://gis.aiesec.org/v2/opportunities/837867,draft,draft,GV,12,8,2017-07-11,2017-06-04,2017-08-01,VIRTUAL EXPANSIONS PANAMA,2017-04-11,Null,ANCON,2,2,Null
837502,Accounts Payable Analyst,https://gis.aiesec.org/v2/opportunities/837502,open,unmatched,GT,61,52,2017-04-30,2017-05-01,2018-05-01,UTP,2017-04-10,Null,Philips Latin America,1,1,1200
837400,Order Management Assistant,https://gis.aiesec.org/v2/opportunities/837400,open,unmatched,GT,229,26,2017-05-29,2017-06-19,2017-12-19,UTP,2017-04-10,Null,Philips Latin America,1,1,12000
837187,Collection Specialist (French Speaker),https://gis.aiesec.org/v2/opportunities/837187,open,unmatched,GT,44,52,2017-05-17,2017-06-05,2018-06-05,UTP,2017-04-09,Null,Philips Latin America,1,1,1200
837185,Collection Specialist,https://gis.aiesec.org/v2/opportunities/837185,open,completed,GT,207,31,2017-06-30,2017-06-05,2018-01-08,UTP,2017-04-08,Null,Philips Latin America,3,0,1200
837111,Harpy eagle keeper,https://gis.aiesec.org/v2/opportunities/837111,draft,draft,GV,5,6,2017-05-31,2017-06-05,2017-07-17,VIRTUAL EXPANSIONS PANAMA,2017-04-08,Null,ANCON,1,0,Null
836826,eCommerce Traffic Acquisition Intern,https://gis.aiesec.org/v2/opportunities/836826,open,realized,GT,159,21,2017-06-10,2017-05-01,2017-10-01,UTP,2017-04-07,Null,Adidas Latin America,1,0,1200
836494,Legal Assistant,https://gis.aiesec.org/v2/opportunities/836494,open,realized,GT,45,74,2017-05-14,2017-05-02,2018-10-06,UTP,2017-04-06,Null,Dell,1,0,1200
834135,Strategic Buyer,https://gis.aiesec.org/v2/opportunities/834135,open,realized,GT,181,26,2017-06-11,2017-04-17,2017-10-17,UTP,2017-03-30,Null,Nestle Centro America,1,0,1000
833816,Procurement Suppot Specialist,https://gis.aiesec.org/v2/opportunities/833816,open,realized,GT,131,67,2017-06-30,2017-07-01,2018-10-17,UTP,2017-03-29,Null,Nestle Centro America,1,0,1000
833043,Social Entrepreneurship Development,https://gis.aiesec.org/v2/opportunities/833043,open,unmatched,GV,43,6,2017-06-30,2017-07-10,2017-08-21,VIRTUAL EXPANSIONS PANAMA,2017-03-27,Null,United Way,15,14,Null
832841,Finance January,https://gis.aiesec.org/v2/opportunities/832841,open,realized,GT,77,25,2017-04-30,2017-01-11,2017-07-09,UTP,2017-03-27,Null,PHILIPS,1,0,1200
832836,Finance Intern Credit & Collection,https://gis.aiesec.org/v2/opportunities/832836,open,realized,GT,102,25,2017-04-30,2017-04-17,2017-10-13,UTP,2017-03-27,Null,Philips Latin America,1,0,1200
832534,Marketing Operations GTM Intern,https://gis.aiesec.org/v2/opportunities/832534,open,realized,GT,251,52,2017-08-02,2017-05-15,2018-05-15,UTP,2017-03-26,Null,Adidas Latin America,1,0,1200
832522,Brand Communication Intern,https://gis.aiesec.org/v2/opportunities/832522,open,realized,GT,133,55,2017-04-27,2017-05-02,2018-05-22,UTP,2017-03-26,Null,Adidas Latin America,1,0,1200
830256,Intern,https://gis.aiesec.org/v2/opportunities/830256,open,unmatched,GT,0,13,2017-03-22,2017-03-01,2017-06-01,USMA,2017-03-21,Null,HILTI,1,1,1500
830249,Project Support,https://gis.aiesec.org/v2/opportunities/830249,draft,draft,GT,156,53,2018-01-31,2017-03-25,2018-03-31,USMA,2017-03-21,Null,HILTI,2,1,1300
830135,Customer Service Trucking Coordinator,https://gis.aiesec.org/v2/opportunities/830135,open,unmatched,GT,174,74,2017-06-30,2017-04-01,2018-09-01,USMA,2017-03-21,Null,Panalpina,1,1,1000
830131,Data Quality,https://gis.aiesec.org/v2/opportunities/830131,removed,removed,GT,94,52,2018-07-31,2018-05-04,2019-05-04,USMA,2017-03-21,Null,Panalpina,1,0,1000
829912,Educational Development Assistance,https://gis.aiesec.org/v2/opportunities/829912,open,unmatched,GV,11,6,2017-05-31,2017-06-05,2017-07-17,UP (University of Panama),2017-03-20,Null,Glasswing International,15,15,Null
828284,Pharmaco Vigilance Data Analysis Intership,https://gis.aiesec.org/v2/opportunities/828284,open,completed,GT,4,52,2017-03-18,2017-03-20,2018-03-23,USMA,2017-03-17,Null,Sanofi Aventis,1,0,1300
828279,Pharmaco Vigilant Data Analysis Internship,https://gis.aiesec.org/v2/opportunities/828279,draft,draft,GT,0,None,2017-03-20,Null,Null,USMA,2017-03-17,Null,Sanofi Aventis,1,1,Null
828119,Marketing Trainee Inm & Derma,https://gis.aiesec.org/v2/opportunities/828119,open,realized,GT,74,52,2017-07-08,2017-07-17,2018-07-17,UTP,2017-03-17,Null,NOVARTIS,1,0,1000
827513,Medial Affairs Trainee,https://gis.aiesec.org/v2/opportunities/827513,open,unmatched,GT,58,52,2017-05-09,2017-04-17,2018-04-17,UTP,2017-03-15,Null,Janssen,1,1,1200
827505,Marketing Coordinator,https://gis.aiesec.org/v2/opportunities/827505,open,realized,GT,342,52,2017-06-16,2017-05-03,2018-05-02,UTP,2017-03-15,Null,Janssen,2,0,1200
827367,Administrative Assistant,https://gis.aiesec.org/v2/opportunities/827367,open,unmatched,GV,13,6,2017-05-31,2017-06-05,2017-07-17,VIRTUAL EXPANSIONS PANAMA,2017-03-15,Null,CASITA DE MAUSI,2,2,Null
827349,Fundraising Manager,https://gis.aiesec.org/v2/opportunities/827349,open,unmatched,GV,4,6,2017-05-31,2017-06-05,2017-07-17,VIRTUAL EXPANSIONS PANAMA,2017-03-15,Null,Fundacion El Arca,4,4,Null
826969,Fundraising Manager,https://gis.aiesec.org/v2/opportunities/826969,draft,draft,GV,0,6,2017-05-28,2017-06-05,2017-07-17,VIRTUAL EXPANSIONS PANAMA,2017-03-14,Null,Fundacion El Arca,4,4,Null
826961,Fundraising Team Leader,https://gis.aiesec.org/v2/opportunities/826961,draft,draft,GV,10,6,2017-05-31,2017-06-05,2017-07-17,VIRTUAL EXPANSIONS PANAMA,2017-03-14,Null,Fundacion El Arca,1,1,Null
826958,SOCIAL MEDIA CONTENT DESIGNER,https://gis.aiesec.org/v2/opportunities/826958,open,unmatched,GV,7,6,2017-05-31,2017-06-05,2017-07-17,VIRTUAL EXPANSIONS PANAMA,2017-03-14,Null,Fundacion El Arca,2,2,Null
826953,BLOG WRITER,https://gis.aiesec.org/v2/opportunities/826953,open,unmatched,GV,7,6,2017-05-31,2017-06-05,2017-07-17,VIRTUAL EXPANSIONS PANAMA,2017-03-14,Null,Fundacion El Arca,2,2,Null
826898,Video Producer,https://gis.aiesec.org/v2/opportunities/826898,open,unmatched,GV,7,6,2017-05-28,2017-06-05,2017-07-17,VIRTUAL EXPANSIONS PANAMA,2017-03-14,Null,Fundacion El Arca,2,2,Null
826881,Team Leader marketing and publicity,https://gis.aiesec.org/v2/opportunities/826881,open,unmatched,GV,5,6,2017-05-28,2017-06-05,2017-07-17,VIRTUAL EXPANSIONS PANAMA,2017-03-14,Null,Fundacion El Arca,1,1,Null
826860,Comercial Planning Intern,https://gis.aiesec.org/v2/opportunities/826860,removed,removed,GT,959,47,2017-11-30,2017-11-30,2018-10-31,USMA,2017-03-14,Null,DEC Cosmetiques S.A. - Belcorp,10,9,1400
826349,Talent Capacity Manager- Improve Project (January 8th),https://gis.aiesec.org/v2/opportunities/826349,open,unmatched,GV,18,7,2017-12-31,2018-01-02,2018-02-21,UP (University of Panama),2017-03-13,Null,AIESEC en UP - Panama,2,1,Null
826300,External Relations Manager- Improve Project (March 2018),https://gis.aiesec.org/v2/opportunities/826300,draft,draft,GV,11,6,2018-01-31,2018-03-12,2018-04-23,UP (University of Panama),2017-03-13,Null,AIESEC en UP - Panama,1,0,Null
826295,Digital Markenting Manager- Improve Project (December),https://gis.aiesec.org/v2/opportunities/826295,open,unmatched,GV,31,6,2017-11-30,2017-12-12,2018-01-23,UP (University of Panama),2017-03-13,Null,AIESEC en UP - Panama,3,1,Null
826220,Project Manager- Improve Project (July),https://gis.aiesec.org/v2/opportunities/826220,draft,draft,GV,19,6,2017-09-30,2017-07-17,2017-08-28,UP (University of Panama),2017-03-13,Null,AIESEC,1,1,Null
826033,External Relations Manager- Improve Project (June),https://gis.aiesec.org/v2/opportunities/826033,open,unmatched,GV,13,7,2017-05-20,2017-06-12,2017-08-03,UP (University of Panama),2017-03-12,Null,AIESEC,4,1,Null
826007,Digital Marketing manager- Improve Project (June),https://gis.aiesec.org/v2/opportunities/826007,open,unmatched,GV,7,6,2017-05-15,2017-06-12,2017-07-24,UP (University of Panama),2017-03-12,Null,AIESEC,5,2,Null
825751,Project Manager- Improve Project (June),https://gis.aiesec.org/v2/opportunities/825751,open,unmatched,GV,3,6,2017-04-30,2017-06-12,2017-07-24,UP (University of Panama),2017-03-12,Null,AIESEC,3,2,Null
824928,Social Entrepreneurship Development,https://gis.aiesec.org/v2/opportunities/824928,open,unmatched,GV,11,6,2017-06-10,2017-06-05,2017-07-17,VIRTUAL EXPANSIONS PANAMA,2017-03-09,Null,United Way,35,34,Null
824242,Marketing Analyst,https://gis.aiesec.org/v2/opportunities/824242,open,unmatched,GT,137,53,2017-04-11,2017-03-21,2018-03-31,USMA,2017-03-08,Null,Sanofi Aventis,1,1,1200
824128,Channel Marketing,https://gis.aiesec.org/v2/opportunities/824128,open,realized,GT,175,55,2017-04-30,2017-03-27,2018-04-20,UTP,2017-03-07,Null,Dell,1,0,1200
824112,Financial Analysis Sr. Analyst,https://gis.aiesec.org/v2/opportunities/824112,open,realized,GT,242,52,2017-05-31,2017-03-27,2018-03-31,UTP,2017-03-07,Null,Dell,1,0,1200
824087,Internal Control & Processes Intern,https://gis.aiesec.org/v2/opportunities/824087,open,realized,GT,181,54,2017-04-27,2017-03-14,2018-03-31,USMA,2017-03-07,Null,Sanofi Aventis,1,0,1300
824075,Inside Product Specialist,https://gis.aiesec.org/v2/opportunities/824075,open,realized,GT,107,52,2017-06-20,2017-06-12,2018-06-15,UTP,2017-03-07,Null,Dell,2,0,1200
824061,Brand Identity Consultant,https://gis.aiesec.org/v2/opportunities/824061,open,realized,GT,159,78,2017-05-03,2017-04-24,2018-10-27,UTP,2017-03-07,Null,Dell,1,0,1200
824010,Talent Adquisition (Recruiter),https://gis.aiesec.org/v2/opportunities/824010,open,unmatched,GT,68,26,2017-03-15,2017-04-03,2017-10-03,UTP,2017-03-07,Null,Philips Latin America,1,1,1200
819880,Financial Planning and Analysis Intern,https://gis.aiesec.org/v2/opportunities/819880,open,realized,GT,238,26,2017-04-30,2017-04-25,2017-10-25,UTP,2017-02-24,Null,Adidas Latin America,1,0,1200
819595,Intern Sales Development LAM,https://gis.aiesec.org/v2/opportunities/819595,open,realized,GT,81,26,2017-04-15,2017-03-16,2017-09-16,UTP,2017-02-23,Null,Adidas Latin America,1,0,1000
819288,Intern,https://gis.aiesec.org/v2/opportunities/819288,open,realized,GT,126,6,2017-04-30,2017-04-30,2017-06-16,USMA,2017-02-23,Null,HILTI,1,0,1500
819241,Medical Trainee,https://gis.aiesec.org/v2/opportunities/819241,open,realized,GT,50,52,2017-10-08,2017-09-19,2018-09-19,UTP,2017-02-22,Null,NOVARTIS,1,0,1000
818876,ProDeploy Project Manager,https://gis.aiesec.org/v2/opportunities/818876,open,realized,GT,78,26,2017-03-12,2017-04-03,2017-10-07,UTP,2017-02-21,Null,Dell,1,0,1200
818827,Legal Counsel,https://gis.aiesec.org/v2/opportunities/818827,open,unmatched,GT,59,52,2017-03-20,2017-03-10,2018-03-10,UTP,2017-02-21,Null,PHILIPS,1,1,1500
817216,Improve Panama - Hotel Management,https://gis.aiesec.org/v2/opportunities/817216,draft,draft,GE,102,12,2017-09-01,2017-09-05,2017-12-01,USMA,2017-02-16,Null,Selina Hostels,16,12,Null
817214,Hotel Management,https://gis.aiesec.org/v2/opportunities/817214,draft,draft,GE,0,None,2017-02-28,Null,Null,USMA,2017-02-16,Null,Selina Hostels,5,5,Null
817205,Improve Panama - Marketing,https://gis.aiesec.org/v2/opportunities/817205,open,unmatched,GE,22,12,2017-02-28,2017-04-03,2017-06-30,USMA,2017-02-16,Null,Selina Hostels,5,5,Null
816851,Finance Assistant,https://gis.aiesec.org/v2/opportunities/816851,open,realized,GT,193,48,2017-05-13,2017-04-24,2018-03-30,USMA,2017-02-15,Null,Sanofi Aventis,1,0,1300
816847,HR Manager,https://gis.aiesec.org/v2/opportunities/816847,open,realized,GT,194,26,2017-05-01,2017-03-03,2017-09-03,UTP,2017-02-15,Null,Philips Latin America,1,0,1200
815164,Financial Analyst,https://gis.aiesec.org/v2/opportunities/815164,open,realized,GT,12,6,2017-03-31,2017-02-13,2017-03-31,USMA,2017-02-09,Null,HILTI,1,0,1500
815135,Financial Analysis,https://gis.aiesec.org/v2/opportunities/815135,open,realized,GT,200,52,2017-04-09,2017-04-24,2018-04-28,UTP,2017-02-09,Null,Dell,1,0,1200
815118,Data Report Specialist,https://gis.aiesec.org/v2/opportunities/815118,open,realized,GT,78,52,2017-05-26,2017-04-03,2018-04-07,USMA,2017-02-09,Null,Sanofi Aventis,1,0,1300
814649,Order Fulfillment Intern,https://gis.aiesec.org/v2/opportunities/814649,open,realized,GT,116,52,2017-03-29,2017-03-27,2018-03-27,UTP,2017-02-06,Null,Adidas Latin America,1,0,1200
813150,Project Program Management Advisor,https://gis.aiesec.org/v2/opportunities/813150,open,completed,GT,15,72,2017-02-28,2017-02-06,2018-06-29,UTP,2017-02-02,Null,Dell,1,0,1200
812252,Intern - Oro Project,https://gis.aiesec.org/v2/opportunities/812252,draft,draft,GT,0,52,2017-04-29,2017-03-01,2018-03-01,USMA,2017-01-31,Null,HILTI,2,2,1500
810808,Health- Security and Enviroment & Security Analyst,https://gis.aiesec.org/v2/opportunities/810808,draft,draft,GT,0,None,2017-02-28,Null,Null,USMA,2017-01-26,Null,Sanofi Aventis,1,1,Null
810650,Health- Security and Enviroment & Security Analyst,https://gis.aiesec.org/v2/opportunities/810650,open,realized,GT,71,52,2017-03-31,2017-04-03,2018-04-07,USMA,2017-01-26,Null,Sanofi Aventis,1,0,1300
810649,Health- Security and Enviroment & Security Manager,https://gis.aiesec.org/v2/opportunities/810649,draft,draft,GT,0,None,2017-02-28,Null,Null,USMA,2017-01-26,Null,Sanofi Aventis,1,1,Null
810643,Health- Security and Enviroment & Security Analyst,https://gis.aiesec.org/v2/opportunities/810643,draft,draft,GT,0,None,2017-02-28,Null,Null,USMA,2017-01-26,Null,Sanofi Aventis,1,1,Null
810639,Heath- Security and Enviroment & Security Analyst,https://gis.aiesec.org/v2/opportunities/810639,draft,draft,GT,0,None,2017-02-28,Null,Null,USMA,2017-01-26,Null,Sanofi Aventis,1,1,Null
810593,Accounting Coordinator,https://gis.aiesec.org/v2/opportunities/810593,draft,draft,GT,228,26,2018-03-31,2018-03-17,2018-09-17,UTP,2017-01-25,Null,NESTLE,1,0,1200
810308,Health- Security and Enviroment & Security Analyst,https://gis.aiesec.org/v2/opportunities/810308,draft,draft,GT,0,None,2017-02-28,Null,Null,USMA,2017-01-24,Null,Sanofi Aventis,1,1,Null
810307,Desicion Support Specialist,https://gis.aiesec.org/v2/opportunities/810307,draft,draft,GT,88,52,2017-09-30,2017-09-22,2018-09-22,UTP,2017-01-24,Null,NESTLE,1,0,1200
810304,Healt- Security and Enviroment & Security Department,https://gis.aiesec.org/v2/opportunities/810304,draft,draft,GT,0,None,2017-02-28,Null,Null,USMA,2017-01-24,Null,Sanofi Aventis,1,1,Null
810100,Decision Support Specialist,https://gis.aiesec.org/v2/opportunities/810100,draft,draft,GT,327,19,2018-02-28,2018-02-19,2018-07-06,UTP,2017-01-23,Null,NESTLE,1,0,1200
810079,Healt- Security and Enviroment & Security Analyst,https://gis.aiesec.org/v2/opportunities/810079,draft,draft,GT,0,None,2017-02-28,Null,Null,USMA,2017-01-23,Null,Sanofi Aventis,1,1,Null
810077,Health- Security and Enviroment & Security Analyst,https://gis.aiesec.org/v2/opportunities/810077,draft,draft,GT,0,None,2017-02-28,Null,Null,USMA,2017-01-23,Null,Sanofi Aventis,1,1,Null
809322,Health Security Enviroment & Security Analyst,https://gis.aiesec.org/v2/opportunities/809322,draft,draft,GT,0,None,2017-02-28,Null,Null,USMA,2017-01-19,Null,Sanofi Aventis,1,1,Null
809152,Health- Security and Enviroment & Security Analyst,https://gis.aiesec.org/v2/opportunities/809152,draft,draft,GT,0,None,2017-02-28,Null,Null,USMA,2017-01-18,Null,Sanofi Aventis,1,1,Null
809090,Young International Specialist CSA - Panama,https://gis.aiesec.org/v2/opportunities/809090,open,realized,GT,162,81,2017-01-26,2017-03-06,2018-09-30,UTP,2017-01-18,Null,Deutsche Post DHL Group - Panama,1,0,1600
808924,HSE & Security Analyst,https://gis.aiesec.org/v2/opportunities/808924,draft,draft,GT,0,None,2017-02-28,Null,Null,USMA,2017-01-18,Null,Sanofi Aventis,1,1,Null
808842,HSE & Security Analyst,https://gis.aiesec.org/v2/opportunities/808842,draft,draft,GT,0,None,2017-02-28,Null,Null,USMA,2017-01-17,Null,Sanofi Aventis,1,1,Null
808784,Record to Report Intern (Accounting),https://gis.aiesec.org/v2/opportunities/808784,open,realized,GT,60,52,2017-03-31,2017-03-03,2018-03-03,UTP,2017-01-17,Null,Philips,1,0,1200
808644,HSE & Security Analyst,https://gis.aiesec.org/v2/opportunities/808644,draft,draft,GT,0,None,2017-02-28,Null,Null,USMA,2017-01-17,Null,Sanofi Aventis,1,1,Null
807920,Integration Business Analyst,https://gis.aiesec.org/v2/opportunities/807920,open,realized,GT,4,25,2017-01-13,2017-01-16,2017-07-14,UTP,2017-01-12,Null,JCDecaux Panamá,1,0,1000
805161,Purchasing Agent,https://gis.aiesec.org/v2/opportunities/805161,open,realized,GT,127,52,2017-02-20,2017-01-30,2018-02-02,USMA,2016-12-29,Null,Sanofi Aventis,1,0,1300
805108,Service Solution Assistant,https://gis.aiesec.org/v2/opportunities/805108,open,realized,GT,216,78,2017-05-31,2017-01-16,2018-07-20,UTP,2016-12-28,Null,DELL,4,0,1200
805090,Customer Service,https://gis.aiesec.org/v2/opportunities/805090,open,unmatched,GT,3,8,2017-02-28,2017-01-05,2017-03-05,USMA,2016-12-28,Null,FIJE,1,1,0
805087,Sales,https://gis.aiesec.org/v2/opportunities/805087,open,unmatched,GT,36,2,2017-02-28,2017-03-01,2017-03-19,USMA,2016-12-28,Null,FIJE,2,1,0
805076,Inside Sales,https://gis.aiesec.org/v2/opportunities/805076,open,realized,GT,2,25,2017-01-31,2017-01-01,2017-07-01,USMA,2016-12-28,Null,Panalpina,1,0,1000
804548,Events Coordinator,https://gis.aiesec.org/v2/opportunities/804548,open,realized,GT,247,54,2017-02-28,2017-03-01,2018-03-15,UTP,2016-12-22,Null,MSD Central America & The Caribbean,1,0,1.000
802562,Business Development Rep,https://gis.aiesec.org/v2/opportunities/802562,open,unmatched,GT,152,77,2017-02-28,2017-02-27,2018-08-25,UTP,2016-12-10,Null,Dell,1,1,1600
802547,Marketing and Administrative Assistant,https://gis.aiesec.org/v2/opportunities/802547,open,realized,GT,204,78,2017-01-11,2017-01-10,2018-07-13,UTP,2016-12-10,Null,Sanofi Aventis,1,0,1200
802223,ASESOR DE RELACIONES PÚBLICAS  ALIANZAS CORPORATIVAS Global Entrepreneur,https://gis.aiesec.org/v2/opportunities/802223,draft,draft,GE,0,8,2017-01-31,2017-01-09,2017-03-09,USMA,2016-12-07,Null,Fundacion Internacional de Jovenes emprendedores,1,1,0
802222,ASESOR DE PRACTICAS PROFESIONALES  DESARROLLO  ORGANIZACIONAL - Global Entrepreneur,https://gis.aiesec.org/v2/opportunities/802222,draft,draft,GE,0,8,2017-01-31,2017-01-09,2017-03-09,USMA,2016-12-07,Null,Fundacion Internacional de Jovenes emprendedores,1,1,0
801698,Regulatory Excellence Support,https://gis.aiesec.org/v2/opportunities/801698,open,realized,GT,149,52,2017-02-12,2017-01-10,2018-01-12,USMA,2016-12-04,Null,Sanofi Aventis,1,0,1300
801696,Regulatory Excellence Support,https://gis.aiesec.org/v2/opportunities/801696,draft,draft,GT,0,52,2016-12-31,2017-01-10,2018-01-12,USMA,2016-12-04,Null,Sanofi Aventis,1,1,Null
801505,CLOSED- Intern Sales Development LAM,https://gis.aiesec.org/v2/opportunities/801505,open,unmatched,GT,153,25,2016-12-15,2017-01-10,2017-07-10,UTP,2016-12-03,Null,Adidas Latin America,1,1,1.000.00
800619,Financial Analyst,https://gis.aiesec.org/v2/opportunities/800619,open,unmatched,GT,268,47,2017-04-05,2017-02-13,2018-01-12,UTP,2016-11-29,Null,Dell Panama - UTP,1,1,1200
799758,Product Marketing Analyst,https://gis.aiesec.org/v2/opportunities/799758,open,realized,GT,197,77,2016-12-14,2016-12-12,2018-06-08,USMA,2016-11-25,Null,Dell Panama - USMA,1,0,1200
798836,Graphic Design,https://gis.aiesec.org/v2/opportunities/798836,open,unmatched,GT,32,52,2017-01-26,2017-01-03,2018-01-03,USMA,2016-11-22,Null,Liga 10,1,1,800
798835,Administrative Assistant,https://gis.aiesec.org/v2/opportunities/798835,open,completed,GT,112,52,2016-12-22,2017-01-03,2018-01-03,USMA,2016-11-22,Null,Liga 10,1,0,800
797195,Organization Development,https://gis.aiesec.org/v2/opportunities/797195,open,unmatched,GV,16,6,2016-12-31,2017-01-09,2017-02-20,ISTMO,2016-11-14,Null,TECHO PANAMA,7,6,0
796868,Graphic Design-Global Entrepreneur,https://gis.aiesec.org/v2/opportunities/796868,open,unmatched,GE,13,8,2017-01-24,2017-01-10,2017-03-10,USMA,2016-11-13,Null,Social Media Co5,1,1,0
796867,Marketing-Global Entrepreneur,https://gis.aiesec.org/v2/opportunities/796867,open,unmatched,GE,51,8,2017-01-10,2017-01-10,2017-03-10,USMA,2016-11-13,Null,Proyecto Vive S.A.,2,2,0
795671,Expert Member Volunteer,https://gis.aiesec.org/v2/opportunities/795671,open,unmatched,GV,24,6,2016-12-31,2017-03-27,2017-05-08,VIRTUAL EXPANSIONS PANAMA,2016-11-08,Null,Special Olympics,200,200,0
795666,Team Leader Volunteer,https://gis.aiesec.org/v2/opportunities/795666,open,unmatched,GV,15,6,2016-12-31,2017-03-27,2017-05-08,VIRTUAL EXPANSIONS PANAMA,2016-11-07,Null,Special Olympics,150,150,0
795656,Market Research Knowledge Mgt. Assistant,https://gis.aiesec.org/v2/opportunities/795656,open,realized,GT,325,77,2017-07-31,2017-03-06,2018-09-02,UTP,2016-11-07,Null,Dell Panama - UTP,1,0,1200
795584,Trade Marketing Intern NOLA,https://gis.aiesec.org/v2/opportunities/795584,draft,draft,GT,259,31,2016-11-30,2017-12-05,2018-07-13,UTP,2016-11-07,Null,Dell Panama - UTP,1,0,1200
795498,Finance Intern,https://gis.aiesec.org/v2/opportunities/795498,open,realized,GT,161,52,2017-01-11,2016-11-28,2017-12-01,UTP,2016-11-07,Null,Dell Panama - UTP,1,0,1200
792546,administrative assistant,https://gis.aiesec.org/v2/opportunities/792546,open,realized,GT,24,52,2016-11-02,2016-11-07,2017-11-08,UTP,2016-10-31,Null,ZED,1,0,1000
792040,Human Resources Support,https://gis.aiesec.org/v2/opportunities/792040,open,realized,GT,343,77,2017-03-31,2017-04-03,2018-09-30,USMA,2016-10-29,Null,Sanofi Aventis,1,0,1300
792007,Financial Analysis Analyst,https://gis.aiesec.org/v2/opportunities/792007,open,unmatched,GT,217,52,2016-11-30,2016-11-21,2017-11-24,UTP,2016-10-29,Null,Dell Panama - UTP,1,1,1200
791990,Sales Support,https://gis.aiesec.org/v2/opportunities/791990,open,unmatched,GT,194,52,2016-11-30,2016-11-21,2017-11-24,UTP,2016-10-29,Null,Dell Panama - UTP,1,1,1200
791510,Finance Intern,https://gis.aiesec.org/v2/opportunities/791510,open,realized,GT,62,78,2016-11-21,2016-11-07,2018-05-11,UTP,2016-10-27,Null,Dell Panama - UTP,1,0,1200
791504,Special Pricing Analyst,https://gis.aiesec.org/v2/opportunities/791504,open,realized,GT,97,52,2016-11-14,2016-11-14,2017-11-17,UTP,2016-10-27,Null,Dell Panama - UTP,1,0,1200
791435,Brand Manager Intern BE,https://gis.aiesec.org/v2/opportunities/791435,open,unmatched,GT,168,52,2016-11-15,2016-11-16,2017-11-16,UTP,2016-10-27,Null,Robert Bosch Panama,1,1,1000
791386,Information Technology - Global Entrepreneur,https://gis.aiesec.org/v2/opportunities/791386,open,unmatched,GE,16,8,2016-12-09,2016-12-13,2017-02-10,USMA,2016-10-27,Null,Proyecto Vive S.A.,1,1,0
791381,Sales Support,https://gis.aiesec.org/v2/opportunities/791381,open,realized,GT,62,26,2016-11-30,2016-12-01,2017-06-02,USMA,2016-10-27,Null,Panalpina,1,0,1000
791169,Talent Searcher,https://gis.aiesec.org/v2/opportunities/791169,draft,draft,GV,0,None,2017-02-10,Null,Null,UTP,2016-10-27,Null,Universidad Tecnologica de Panama (UTP),8,8,Null
791168,Talent Searcher,https://gis.aiesec.org/v2/opportunities/791168,open,unmatched,GV,22,7,2017-02-10,2017-01-10,2017-03-05,UTP,2016-10-27,Null,Universidad Tecnologica de Panama (UTP),8,3,0
790909,Purchasing Specialist,https://gis.aiesec.org/v2/opportunities/790909,draft,draft,GT,0,None,2016-11-01,Null,Null,UTP,2016-10-26,Null,Adidas Latin America,1,1,Null